59e1c565ceb8abe24251c39c,57cf75cea73e494d8675ec4a
59e1c565ceb8abe24251c39c,57cf75cea73e494d8675ec4a
59e1c565ceb8abe24251c39c,57cf75cea73e494d8675ec4a
59e1c565ceb8abe24251c39c,57cf75cea73e494d8675ec4a
59e1c565ceb8abe24251c39c,57cf75cea73e494d8675ec4a
59e1c565ceb8abe24251c39c,57cf75cea73e494d8675ec4a
59e1c565ceb8abe24251c39c,57cf75cea73e494d8675ec4a
59e1c565ceb8abe24251c39c,57cf75cea73e494d8675ec4a
59e1c565ceb8abe24251c39c,57cf75cea73e494d8675ec4a
59e1d30aceb8abe24251c3a6,57cf75cea73e494d8675ec4a
59e1d30aceb8abe24251c3a6,57cf75cea73e494d8675ec4a
59e1d30aceb8abe24251c3a6,57cf75cea73e494d8675ec4a
59e1d30aceb8abe24251c3a6,57cf75cea73e494d8675ec77
59e1d30aceb8abe24251c3a6,57cf75cea73e494d8675ec77
59e1d30aceb8abe24251c3a6,57cf75cea73e494d8675ec77
59e1d30aceb8abe24251c3a6,57cf75cea73e494d8675ec77
59e212e2ceb8abe24251c3b3,57cf75cea73e494d8675ec4b
59e212e2ceb8abe24251c3b3,57cf75cea73e494d8675ec4b
59e212e2ceb8abe24251c3b3,57cf75cea73e494d8675ec4b
59e212e2ceb8abe24251c3b3,57cf75cea73e494d8675ec4b
59e212e2ceb8abe24251c3b3,57cf75cea73e494d8675ec4b
59e212e2ceb8abe24251c3b3,57cf75cea73e494d8675ec4b
59e212e2ceb8abe24251c3b3,57cf75cea73e494d8675ec4b
59e212e2ceb8abe24251c3b3,57cf75cea73e494d8675ec4b
59e212e2ceb8abe24251c3b3,57cf75cea73e494d8675ec4b
59e212e2ceb8abe24251c3b3,57cf75cea73e494d8675ec4b
59e212e2ceb8abe24251c3b3,57cf75cea73e494d8675ec4b
59e212e2ceb8abe24251c3b3,57cf75cea73e494d8675ec4b
59e212e2ceb8abe24251c3b3,57cf75cea73e494d8675ec4b
59e212e2ceb8abe24251c3b3,57cf75cea73e494d8675ec4b
59e212e2ceb8abe24251c3b3,57cf75cea73e494d8675ec4b
59e212e2ceb8abe24251c3b3,57cf75cea73e494d8675ec52
59e212e2ceb8abe24251c3b3,57cf75cea73e494d8675ec52
59e212e2ceb8abe24251c3b3,57cf75cea73e494d8675ec52
59e212e2ceb8abe24251c3b3,57cf75cea73e494d8675ec52
59e212e2ceb8abe24251c3b3,57cf75cea73e494d8675ec52
59e212e2ceb8abe24251c3b3,57cf75cea73e494d8675ec52
59e212e2ceb8abe24251c3b3,57cf75cea73e494d8675ec52
59e212e2ceb8abe24251c3b3,57cf75cea73e494d8675ec52
59e212e2ceb8abe24251c3b3,57cf75cea73e494d8675ec52
59e212e2ceb8abe24251c3b3,57cf75cea73e494d8675ec52
59e212e2ceb8abe24251c3b3,57cf75cea73e494d8675ec52
59e212e2ceb8abe24251c3b3,57cf75cea73e494d8675ec52
59e212e2ceb8abe24251c3b3,57cf75cea73e494d8675ec52
59e212e2ceb8abe24251c3b3,57cf75cea73e494d8675ec52
59e212e2ceb8abe24251c3b3,57cf75cea73e494d8675ec75
59e212e2ceb8abe24251c3b3,57cf75cea73e494d8675ec75
59e212e2ceb8abe24251c3b3,57cf75cea73e494d8675ec75
59e212e2ceb8abe24251c3b3,57cf75cea73e494d8675ec75
59e212e2ceb8abe24251c3b3,57cf75cea73e494d8675ec75
59e212e2ceb8abe24251c3b3,57cf75cea73e494d8675ec75
59e212e2ceb8abe24251c3b3,57cf75cea73e494d8675ec75
59e212e2ceb8abe24251c3b3,57cf75cea73e494d8675ec75
59e212e2ceb8abe24251c3b3,57cf75cea73e494d8675ec75
59e212e2ceb8abe24251c3b3,57cf75cea73e494d8675ec75
59e212e2ceb8abe24251c3b3,57cf75cea73e494d8675ec75
59e212e2ceb8abe24251c3b3,57cf75cea73e494d8675ec75
59e212e2ceb8abe24251c3b3,57cf75cea73e494d8675ec75
59e212e2ceb8abe24251c3b3,57cf75cea73e494d8675ec75
59e212e2ceb8abe24251c3b3,57cf75cea73e494d8675ec75
59e212e2ceb8abe24251c3b3,57cf75cea73e494d8675ec75
