59e32462ceb8abe24252f399,57cf75cea73e494d8675eeab
59e32462ceb8abe24252f399,57cf75cea73e494d8675eeba
59e32462ceb8abe24252f399,57cf75cea73e494d8675eee4
59e32462ceb8abe24252f399,57cf75cea73e494d8675ef0a
59e32462ceb8abe24252f399,57cf75cea73e494d8675ef5c
59e32462ceb8abe24252f399,57cf75cea73e494d8675ef60
59e32463ceb8abe24252f3a1,57cf75cea73e494d8675eeab
59e32463ceb8abe24252f3a1,57cf75cea73e494d8675eeba
59e32463ceb8abe24252f3a1,57cf75cea73e494d8675eee4
59e32463ceb8abe24252f3a1,57cf75cea73e494d8675ef0a
59e32463ceb8abe24252f3a1,57cf75cea73e494d8675ef5c
59e32463ceb8abe24252f3a1,57cf75cea73e494d8675ef60
59e32464ceb8abe24252f3a9,57cf75cea73e494d8675eeab
59e32464ceb8abe24252f3a9,57cf75cea73e494d8675eeba
59e32464ceb8abe24252f3a9,57cf75cea73e494d8675eee4
59e32464ceb8abe24252f3a9,57cf75cea73e494d8675ef0a
59e32464ceb8abe24252f3a9,57cf75cea73e494d8675ef5c
59e32464ceb8abe24252f3a9,57cf75cea73e494d8675ef60
59e32465ceb8abe24252f3b1,57cf75cea73e494d8675eeab
59e32465ceb8abe24252f3b1,57cf75cea73e494d8675eeba
59e32465ceb8abe24252f3b1,57cf75cea73e494d8675eee4
59e32465ceb8abe24252f3b1,57cf75cea73e494d8675ef0a
59e32465ceb8abe24252f3b1,57cf75cea73e494d8675ef5c
59e32465ceb8abe24252f3b1,57cf75cea73e494d8675ef60
59e32466ceb8abe24252f3b9,57cf75cea73e494d8675eeab
59e32466ceb8abe24252f3b9,57cf75cea73e494d8675eeba
59e32466ceb8abe24252f3b9,57cf75cea73e494d8675eee4
59e32466ceb8abe24252f3b9,57cf75cea73e494d8675ef0a
59e32466ceb8abe24252f3b9,57cf75cea73e494d8675ef5c
59e32466ceb8abe24252f3b9,57cf75cea73e494d8675ef60
59e32486ceb8abe24252f3c1,57cf75cea73e494d8675eea9
59e32486ceb8abe24252f3c1,57cf75cea73e494d8675eeaf
59e32486ceb8abe24252f3c1,57cf75cea73e494d8675eec8
59e32486ceb8abe24252f3c1,57cf75cea73e494d8675eecd
59e32487ceb8abe24252f3c7,57cf75cea73e494d8675eea9
59e32487ceb8abe24252f3c7,57cf75cea73e494d8675eeaf
59e32487ceb8abe24252f3c7,57cf75cea73e494d8675eec8
59e32487ceb8abe24252f3c7,57cf75cea73e494d8675eecd
59e32487ceb8abe24252f3cd,57cf75cea73e494d8675eea9
59e32487ceb8abe24252f3cd,57cf75cea73e494d8675eeaf
59e32487ceb8abe24252f3cd,57cf75cea73e494d8675eec8
59e32487ceb8abe24252f3cd,57cf75cea73e494d8675eecd
59e32488ceb8abe24252f3d3,57cf75cea73e494d8675eea9
59e32488ceb8abe24252f3d3,57cf75cea73e494d8675eeaf
59e32488ceb8abe24252f3d3,57cf75cea73e494d8675eec8
59e32488ceb8abe24252f3d3,57cf75cea73e494d8675eecd
59e32489ceb8abe24252f3d9,57cf75cea73e494d8675eea9
59e32489ceb8abe24252f3d9,57cf75cea73e494d8675eeaf
59e32489ceb8abe24252f3d9,57cf75cea73e494d8675eec8
59e32489ceb8abe24252f3d9,57cf75cea73e494d8675eecd
59e3249fceb8abe24252f3df,57cf75cea73e494d8675eeb3
59e3249fceb8abe24252f3df,57cf75cea73e494d8675eeb7
59e3249fceb8abe24252f3df,57cf75cea73e494d8675eed3
59e3249fceb8abe24252f3df,57cf75cea73e494d8675ef2e
59e3249fceb8abe24252f3df,57cf75cea73e494d8675ef3e
59e324a0ceb8abe24252f3e6,57cf75cea73e494d8675eeb3
59e324a0ceb8abe24252f3e6,57cf75cea73e494d8675eeb7
59e324a0ceb8abe24252f3e6,57cf75cea73e494d8675eed3
59e324a0ceb8abe24252f3e6,57cf75cea73e494d8675ef2e
59e324a0ceb8abe24252f3e6,57cf75cea73e494d8675ef3e
59e324a1ceb8abe24252f3ed,57cf75cea73e494d8675eeb3
59e324a1ceb8abe24252f3ed,57cf75cea73e494d8675eeb7
59e324a1ceb8abe24252f3ed,57cf75cea73e494d8675eed3
59e324a1ceb8abe24252f3ed,57cf75cea73e494d8675ef2e
59e324a1ceb8abe24252f3ed,57cf75cea73e494d8675ef3e
59e324a2ceb8abe24252f3f4,57cf75cea73e494d8675eeb3
59e324a2ceb8abe24252f3f4,57cf75cea73e494d8675eeb7
59e324a2ceb8abe24252f3f4,57cf75cea73e494d8675eed3
59e324a2ceb8abe24252f3f4,57cf75cea73e494d8675ef2e
59e324a2ceb8abe24252f3f4,57cf75cea73e494d8675ef3e
59e324a3ceb8abe24252f3fb,57cf75cea73e494d8675eeb3
59e324a3ceb8abe24252f3fb,57cf75cea73e494d8675eeb7
59e324a3ceb8abe24252f3fb,57cf75cea73e494d8675eed3
59e324a3ceb8abe24252f3fb,57cf75cea73e494d8675ef2e
59e324a3ceb8abe24252f3fb,57cf75cea73e494d8675ef3e
59e324afceb8abe24252f402,57cf75cea73e494d8675eeb3
59e324afceb8abe24252f402,57cf75cea73e494d8675eeb7
59e324afceb8abe24252f402,57cf75cea73e494d8675eed3
59e324afceb8abe24252f402,57cf75cea73e494d8675ef2e
59e324afceb8abe24252f402,57cf75cea73e494d8675ef3e
59e324b0ceb8abe24252f409,57cf75cea73e494d8675eeb3
59e324b0ceb8abe24252f409,57cf75cea73e494d8675eeb7
59e324b0ceb8abe24252f409,57cf75cea73e494d8675eed3
59e324b0ceb8abe24252f409,57cf75cea73e494d8675ef2e
59e324b0ceb8abe24252f409,57cf75cea73e494d8675ef3e
59e324b1ceb8abe24252f410,57cf75cea73e494d8675eeb3
59e324b1ceb8abe24252f410,57cf75cea73e494d8675eeb7
59e324b1ceb8abe24252f410,57cf75cea73e494d8675eed3
59e324b1ceb8abe24252f410,57cf75cea73e494d8675ef2e
59e324b1ceb8abe24252f410,57cf75cea73e494d8675ef3e
59e324b2ceb8abe24252f417,57cf75cea73e494d8675eeb3
59e324b2ceb8abe24252f417,57cf75cea73e494d8675eeb7
59e324b2ceb8abe24252f417,57cf75cea73e494d8675eed3
59e324b2ceb8abe24252f417,57cf75cea73e494d8675ef2e
59e324b2ceb8abe24252f417,57cf75cea73e494d8675ef3e
59e324b2ceb8abe24252f41e,57cf75cea73e494d8675eeb3
59e324b2ceb8abe24252f41e,57cf75cea73e494d8675eeb7
59e324b2ceb8abe24252f41e,57cf75cea73e494d8675eed3
59e324b2ceb8abe24252f41e,57cf75cea73e494d8675ef2e
59e324b2ceb8abe24252f41e,57cf75cea73e494d8675ef3e
59e324ceceb8abe24252f426,57cf75cea73e494d8675eea8
59e324ceceb8abe24252f426,57cf75cea73e494d8675eeac
59e324ceceb8abe24252f426,57cf75cea73e494d8675eeb2
59e324ceceb8abe24252f426,57cf75cea73e494d8675eeb3
59e324ceceb8abe24252f426,57cf75cea73e494d8675eec2
59e324ceceb8abe24252f426,57cf75cea73e494d8675eec9
59e324ceceb8abe24252f426,57cf75cea73e494d8675eecc
59e324ceceb8abe24252f426,57cf75cea73e494d8675eed0
59e324ceceb8abe24252f426,57cf75cea73e494d8675eed5
59e324ceceb8abe24252f426,57cf75cea73e494d8675eed8
59e324ceceb8abe24252f426,57cf75cea73e494d8675eeda
59e324ceceb8abe24252f426,57cf75cea73e494d8675eee1
59e324ceceb8abe24252f426,57cf75cea73e494d8675eee5
59e324ceceb8abe24252f426,57cf75cea73e494d8675eee9
59e324ceceb8abe24252f426,57cf75cea73e494d8675eeec
59e324ceceb8abe24252f426,57cf75cea73e494d8675eef8
59e324ceceb8abe24252f426,57cf75cea73e494d8675eefa
59e324ceceb8abe24252f426,57cf75cea73e494d8675ef03
59e324ceceb8abe24252f426,57cf75cea73e494d8675ef07
59e324ceceb8abe24252f426,57cf75cea73e494d8675ef08
59e324ceceb8abe24252f426,57cf75cea73e494d8675ef0a
59e324ceceb8abe24252f426,57cf75cea73e494d8675ef0c
59e324ceceb8abe24252f426,57cf75cea73e494d8675ef11
59e324ceceb8abe24252f426,57cf75cea73e494d8675ef12
59e324ceceb8abe24252f426,57cf75cea73e494d8675ef15
59e324ceceb8abe24252f426,57cf75cea73e494d8675ef17
59e324ceceb8abe24252f426,57cf75cea73e494d8675ef1c
59e324ceceb8abe24252f426,57cf75cea73e494d8675ef1f
59e324ceceb8abe24252f426,57cf75cea73e494d8675ef20
59e324ceceb8abe24252f426,57cf75cea73e494d8675ef21
59e324ceceb8abe24252f426,57cf75cea73e494d8675ef22
59e324ceceb8abe24252f426,57cf75cea73e494d8675ef28
59e324ceceb8abe24252f426,57cf75cea73e494d8675ef29
59e324ceceb8abe24252f426,57cf75cea73e494d8675ef2a
59e324ceceb8abe24252f426,57cf75cea73e494d8675ef2e
59e324ceceb8abe24252f426,57cf75cea73e494d8675ef2f
59e324ceceb8abe24252f426,57cf75cea73e494d8675ef30
59e324ceceb8abe24252f426,57cf75cea73e494d8675ef31
59e324ceceb8abe24252f426,57cf75cea73e494d8675ef36
59e324ceceb8abe24252f426,57cf75cea73e494d8675ef37
59e324ceceb8abe24252f426,57cf75cea73e494d8675ef38
59e324ceceb8abe24252f426,57cf75cea73e494d8675ef3b
59e324ceceb8abe24252f426,57cf75cea73e494d8675ef3d
59e324ceceb8abe24252f426,57cf75cea73e494d8675ef3e
59e324ceceb8abe24252f426,57cf75cea73e494d8675ef41
59e324ceceb8abe24252f426,57cf75cea73e494d8675ef42
59e324ceceb8abe24252f426,57cf75cea73e494d8675ef47
59e324ceceb8abe24252f426,57cf75cea73e494d8675ef4d
59e324ceceb8abe24252f426,57cf75cea73e494d8675ef4e
59e324ceceb8abe24252f426,57cf75cea73e494d8675ef4f
59e324ceceb8abe24252f426,57cf75cea73e494d8675ef50
59e324ceceb8abe24252f426,57cf75cea73e494d8675ef53
59e324ceceb8abe24252f426,57cf75cea73e494d8675ef54
59e324ceceb8abe24252f426,57cf75cea73e494d8675ef5a
59e324ceceb8abe24252f426,57cf75cea73e494d8675ef5b
59e324ceceb8abe24252f426,57cf75cea73e494d8675ef5d
59e324ceceb8abe24252f426,57cf75cea73e494d8675ef62
59e324ceceb8abe24252f426,57cf75cea73e494d8675ef63
59e324d6ceb8abe24252f462,57cf75cea73e494d8675eea8
59e324d6ceb8abe24252f462,57cf75cea73e494d8675eeac
59e324d6ceb8abe24252f462,57cf75cea73e494d8675eeb2
59e324d6ceb8abe24252f462,57cf75cea73e494d8675eeb3
59e324d6ceb8abe24252f462,57cf75cea73e494d8675eec2
59e324d6ceb8abe24252f462,57cf75cea73e494d8675eec9
59e324d6ceb8abe24252f462,57cf75cea73e494d8675eecc
59e324d6ceb8abe24252f462,57cf75cea73e494d8675eed0
59e324d6ceb8abe24252f462,57cf75cea73e494d8675eed5
59e324d6ceb8abe24252f462,57cf75cea73e494d8675eed8
59e324d6ceb8abe24252f462,57cf75cea73e494d8675eeda
59e324d6ceb8abe24252f462,57cf75cea73e494d8675eee1
59e324d6ceb8abe24252f462,57cf75cea73e494d8675eee5
59e324d6ceb8abe24252f462,57cf75cea73e494d8675eee9
59e324d6ceb8abe24252f462,57cf75cea73e494d8675eeec
59e324d6ceb8abe24252f462,57cf75cea73e494d8675eef8
59e324d6ceb8abe24252f462,57cf75cea73e494d8675eefa
59e324d6ceb8abe24252f462,57cf75cea73e494d8675ef03
59e324d6ceb8abe24252f462,57cf75cea73e494d8675ef07
59e324d6ceb8abe24252f462,57cf75cea73e494d8675ef08
59e324d6ceb8abe24252f462,57cf75cea73e494d8675ef0a
59e324d6ceb8abe24252f462,57cf75cea73e494d8675ef0c
59e324d6ceb8abe24252f462,57cf75cea73e494d8675ef11
59e324d6ceb8abe24252f462,57cf75cea73e494d8675ef12
59e324d6ceb8abe24252f462,57cf75cea73e494d8675ef15
59e324d6ceb8abe24252f462,57cf75cea73e494d8675ef17
59e324d6ceb8abe24252f462,57cf75cea73e494d8675ef1c
59e324d6ceb8abe24252f462,57cf75cea73e494d8675ef1f
59e324d6ceb8abe24252f462,57cf75cea73e494d8675ef20
59e324d6ceb8abe24252f462,57cf75cea73e494d8675ef21
59e324d6ceb8abe24252f462,57cf75cea73e494d8675ef22
59e324d6ceb8abe24252f462,57cf75cea73e494d8675ef28
59e324d6ceb8abe24252f462,57cf75cea73e494d8675ef29
59e324d6ceb8abe24252f462,57cf75cea73e494d8675ef2a
59e324d6ceb8abe24252f462,57cf75cea73e494d8675ef2e
59e324d6ceb8abe24252f462,57cf75cea73e494d8675ef2f
59e324d6ceb8abe24252f462,57cf75cea73e494d8675ef30
59e324d6ceb8abe24252f462,57cf75cea73e494d8675ef31
59e324d6ceb8abe24252f462,57cf75cea73e494d8675ef36
59e324d6ceb8abe24252f462,57cf75cea73e494d8675ef37
59e324d6ceb8abe24252f462,57cf75cea73e494d8675ef38
59e324d6ceb8abe24252f462,57cf75cea73e494d8675ef3b
59e324d6ceb8abe24252f462,57cf75cea73e494d8675ef3d
59e324d6ceb8abe24252f462,57cf75cea73e494d8675ef3e
59e324d6ceb8abe24252f462,57cf75cea73e494d8675ef41
59e324d6ceb8abe24252f462,57cf75cea73e494d8675ef42
59e324d6ceb8abe24252f462,57cf75cea73e494d8675ef47
59e324d6ceb8abe24252f462,57cf75cea73e494d8675ef4d
59e324d6ceb8abe24252f462,57cf75cea73e494d8675ef4e
59e324d6ceb8abe24252f462,57cf75cea73e494d8675ef4f
59e324d6ceb8abe24252f462,57cf75cea73e494d8675ef50
59e324d6ceb8abe24252f462,57cf75cea73e494d8675ef53
59e324d6ceb8abe24252f462,57cf75cea73e494d8675ef54
59e324d6ceb8abe24252f462,57cf75cea73e494d8675ef5a
59e324d6ceb8abe24252f462,57cf75cea73e494d8675ef5b
59e324d6ceb8abe24252f462,57cf75cea73e494d8675ef5d
59e324d6ceb8abe24252f462,57cf75cea73e494d8675ef62
59e324d6ceb8abe24252f462,57cf75cea73e494d8675ef63
59e324deceb8abe24252f49e,57cf75cea73e494d8675eea8
59e324deceb8abe24252f49e,57cf75cea73e494d8675eeac
59e324deceb8abe24252f49e,57cf75cea73e494d8675eeb2
59e324deceb8abe24252f49e,57cf75cea73e494d8675eeb3
59e324deceb8abe24252f49e,57cf75cea73e494d8675eec2
59e324deceb8abe24252f49e,57cf75cea73e494d8675eec9
59e324deceb8abe24252f49e,57cf75cea73e494d8675eecc
59e324deceb8abe24252f49e,57cf75cea73e494d8675eed0
59e324deceb8abe24252f49e,57cf75cea73e494d8675eed5
59e324deceb8abe24252f49e,57cf75cea73e494d8675eed8
59e324deceb8abe24252f49e,57cf75cea73e494d8675eeda
59e324deceb8abe24252f49e,57cf75cea73e494d8675eee1
59e324deceb8abe24252f49e,57cf75cea73e494d8675eee5
59e324deceb8abe24252f49e,57cf75cea73e494d8675eee9
59e324deceb8abe24252f49e,57cf75cea73e494d8675eeec
59e324deceb8abe24252f49e,57cf75cea73e494d8675eef8
59e324deceb8abe24252f49e,57cf75cea73e494d8675eefa
59e324deceb8abe24252f49e,57cf75cea73e494d8675ef03
59e324deceb8abe24252f49e,57cf75cea73e494d8675ef07
59e324deceb8abe24252f49e,57cf75cea73e494d8675ef08
59e324deceb8abe24252f49e,57cf75cea73e494d8675ef0a
59e324deceb8abe24252f49e,57cf75cea73e494d8675ef0c
59e324deceb8abe24252f49e,57cf75cea73e494d8675ef11
59e324deceb8abe24252f49e,57cf75cea73e494d8675ef12
59e324deceb8abe24252f49e,57cf75cea73e494d8675ef15
59e324deceb8abe24252f49e,57cf75cea73e494d8675ef17
59e324deceb8abe24252f49e,57cf75cea73e494d8675ef1c
59e324deceb8abe24252f49e,57cf75cea73e494d8675ef1f
59e324deceb8abe24252f49e,57cf75cea73e494d8675ef20
59e324deceb8abe24252f49e,57cf75cea73e494d8675ef21
59e324deceb8abe24252f49e,57cf75cea73e494d8675ef22
59e324deceb8abe24252f49e,57cf75cea73e494d8675ef28
59e324deceb8abe24252f49e,57cf75cea73e494d8675ef29
59e324deceb8abe24252f49e,57cf75cea73e494d8675ef2a
59e324deceb8abe24252f49e,57cf75cea73e494d8675ef2e
59e324deceb8abe24252f49e,57cf75cea73e494d8675ef2f
59e324deceb8abe24252f49e,57cf75cea73e494d8675ef30
59e324deceb8abe24252f49e,57cf75cea73e494d8675ef31
59e324deceb8abe24252f49e,57cf75cea73e494d8675ef36
59e324deceb8abe24252f49e,57cf75cea73e494d8675ef37
59e324deceb8abe24252f49e,57cf75cea73e494d8675ef38
59e324deceb8abe24252f49e,57cf75cea73e494d8675ef3b
59e324deceb8abe24252f49e,57cf75cea73e494d8675ef3d
59e324deceb8abe24252f49e,57cf75cea73e494d8675ef3e
59e324deceb8abe24252f49e,57cf75cea73e494d8675ef41
59e324deceb8abe24252f49e,57cf75cea73e494d8675ef42
59e324deceb8abe24252f49e,57cf75cea73e494d8675ef47
59e324deceb8abe24252f49e,57cf75cea73e494d8675ef4d
59e324deceb8abe24252f49e,57cf75cea73e494d8675ef4e
59e324deceb8abe24252f49e,57cf75cea73e494d8675ef4f
59e324deceb8abe24252f49e,57cf75cea73e494d8675ef50
59e324deceb8abe24252f49e,57cf75cea73e494d8675ef53
59e324deceb8abe24252f49e,57cf75cea73e494d8675ef54
59e324deceb8abe24252f49e,57cf75cea73e494d8675ef5a
59e324deceb8abe24252f49e,57cf75cea73e494d8675ef5b
59e324deceb8abe24252f49e,57cf75cea73e494d8675ef5d
59e324deceb8abe24252f49e,57cf75cea73e494d8675ef62
59e324deceb8abe24252f49e,57cf75cea73e494d8675ef63
59e324e5ceb8abe24252f4da,57cf75cea73e494d8675eea8
59e324e5ceb8abe24252f4da,57cf75cea73e494d8675eeac
59e324e5ceb8abe24252f4da,57cf75cea73e494d8675eeb2
59e324e5ceb8abe24252f4da,57cf75cea73e494d8675eeb3
59e324e5ceb8abe24252f4da,57cf75cea73e494d8675eec2
59e324e5ceb8abe24252f4da,57cf75cea73e494d8675eec9
59e324e5ceb8abe24252f4da,57cf75cea73e494d8675eecc
59e324e5ceb8abe24252f4da,57cf75cea73e494d8675eed0
59e324e5ceb8abe24252f4da,57cf75cea73e494d8675eed5
59e324e5ceb8abe24252f4da,57cf75cea73e494d8675eed8
59e324e5ceb8abe24252f4da,57cf75cea73e494d8675eeda
59e324e5ceb8abe24252f4da,57cf75cea73e494d8675eee1
59e324e5ceb8abe24252f4da,57cf75cea73e494d8675eee5
59e324e5ceb8abe24252f4da,57cf75cea73e494d8675eee9
59e324e5ceb8abe24252f4da,57cf75cea73e494d8675eeec
59e324e5ceb8abe24252f4da,57cf75cea73e494d8675eef8
59e324e5ceb8abe24252f4da,57cf75cea73e494d8675eefa
59e324e5ceb8abe24252f4da,57cf75cea73e494d8675ef03
59e324e5ceb8abe24252f4da,57cf75cea73e494d8675ef07
59e324e5ceb8abe24252f4da,57cf75cea73e494d8675ef08
59e324e5ceb8abe24252f4da,57cf75cea73e494d8675ef0a
59e324e5ceb8abe24252f4da,57cf75cea73e494d8675ef0c
59e324e5ceb8abe24252f4da,57cf75cea73e494d8675ef11
59e324e5ceb8abe24252f4da,57cf75cea73e494d8675ef12
59e324e5ceb8abe24252f4da,57cf75cea73e494d8675ef15
59e324e5ceb8abe24252f4da,57cf75cea73e494d8675ef17
59e324e5ceb8abe24252f4da,57cf75cea73e494d8675ef1c
59e324e5ceb8abe24252f4da,57cf75cea73e494d8675ef1f
59e324e5ceb8abe24252f4da,57cf75cea73e494d8675ef20
59e324e5ceb8abe24252f4da,57cf75cea73e494d8675ef21
59e324e5ceb8abe24252f4da,57cf75cea73e494d8675ef22
59e324e5ceb8abe24252f4da,57cf75cea73e494d8675ef28
59e324e5ceb8abe24252f4da,57cf75cea73e494d8675ef29
59e324e5ceb8abe24252f4da,57cf75cea73e494d8675ef2a
59e324e5ceb8abe24252f4da,57cf75cea73e494d8675ef2e
59e324e5ceb8abe24252f4da,57cf75cea73e494d8675ef2f
59e324e5ceb8abe24252f4da,57cf75cea73e494d8675ef30
59e324e5ceb8abe24252f4da,57cf75cea73e494d8675ef31
59e324e5ceb8abe24252f4da,57cf75cea73e494d8675ef36
59e324e5ceb8abe24252f4da,57cf75cea73e494d8675ef37
59e324e5ceb8abe24252f4da,57cf75cea73e494d8675ef38
59e324e5ceb8abe24252f4da,57cf75cea73e494d8675ef3b
59e324e5ceb8abe24252f4da,57cf75cea73e494d8675ef3d
59e324e5ceb8abe24252f4da,57cf75cea73e494d8675ef3e
59e324e5ceb8abe24252f4da,57cf75cea73e494d8675ef41
59e324e5ceb8abe24252f4da,57cf75cea73e494d8675ef42
59e324e5ceb8abe24252f4da,57cf75cea73e494d8675ef47
59e324e5ceb8abe24252f4da,57cf75cea73e494d8675ef4d
59e324e5ceb8abe24252f4da,57cf75cea73e494d8675ef4e
59e324e5ceb8abe24252f4da,57cf75cea73e494d8675ef4f
59e324e5ceb8abe24252f4da,57cf75cea73e494d8675ef50
59e324e5ceb8abe24252f4da,57cf75cea73e494d8675ef53
59e324e5ceb8abe24252f4da,57cf75cea73e494d8675ef54
59e324e5ceb8abe24252f4da,57cf75cea73e494d8675ef5a
59e324e5ceb8abe24252f4da,57cf75cea73e494d8675ef5b
59e324e5ceb8abe24252f4da,57cf75cea73e494d8675ef5d
59e324e5ceb8abe24252f4da,57cf75cea73e494d8675ef62
59e324e5ceb8abe24252f4da,57cf75cea73e494d8675ef63
59e324edceb8abe24252f516,57cf75cea73e494d8675eea8
59e324edceb8abe24252f516,57cf75cea73e494d8675eeac
59e324edceb8abe24252f516,57cf75cea73e494d8675eeb2
59e324edceb8abe24252f516,57cf75cea73e494d8675eeb3
59e324edceb8abe24252f516,57cf75cea73e494d8675eec2
59e324edceb8abe24252f516,57cf75cea73e494d8675eec9
59e324edceb8abe24252f516,57cf75cea73e494d8675eecc
59e324edceb8abe24252f516,57cf75cea73e494d8675eed0
59e324edceb8abe24252f516,57cf75cea73e494d8675eed5
59e324edceb8abe24252f516,57cf75cea73e494d8675eed8
59e324edceb8abe24252f516,57cf75cea73e494d8675eeda
59e324edceb8abe24252f516,57cf75cea73e494d8675eee1
59e324edceb8abe24252f516,57cf75cea73e494d8675eee5
59e324edceb8abe24252f516,57cf75cea73e494d8675eee9
59e324edceb8abe24252f516,57cf75cea73e494d8675eeec
59e324edceb8abe24252f516,57cf75cea73e494d8675eef8
59e324edceb8abe24252f516,57cf75cea73e494d8675eefa
59e324edceb8abe24252f516,57cf75cea73e494d8675ef03
59e324edceb8abe24252f516,57cf75cea73e494d8675ef07
59e324edceb8abe24252f516,57cf75cea73e494d8675ef08
59e324edceb8abe24252f516,57cf75cea73e494d8675ef0a
59e324edceb8abe24252f516,57cf75cea73e494d8675ef0c
59e324edceb8abe24252f516,57cf75cea73e494d8675ef11
59e324edceb8abe24252f516,57cf75cea73e494d8675ef12
59e324edceb8abe24252f516,57cf75cea73e494d8675ef15
59e324edceb8abe24252f516,57cf75cea73e494d8675ef17
59e324edceb8abe24252f516,57cf75cea73e494d8675ef1c
59e324edceb8abe24252f516,57cf75cea73e494d8675ef1f
59e324edceb8abe24252f516,57cf75cea73e494d8675ef20
59e324edceb8abe24252f516,57cf75cea73e494d8675ef21
59e324edceb8abe24252f516,57cf75cea73e494d8675ef22
59e324edceb8abe24252f516,57cf75cea73e494d8675ef28
59e324edceb8abe24252f516,57cf75cea73e494d8675ef29
59e324edceb8abe24252f516,57cf75cea73e494d8675ef2a
59e324edceb8abe24252f516,57cf75cea73e494d8675ef2e
59e324edceb8abe24252f516,57cf75cea73e494d8675ef2f
59e324edceb8abe24252f516,57cf75cea73e494d8675ef30
59e324edceb8abe24252f516,57cf75cea73e494d8675ef31
59e324edceb8abe24252f516,57cf75cea73e494d8675ef36
59e324edceb8abe24252f516,57cf75cea73e494d8675ef37
59e324edceb8abe24252f516,57cf75cea73e494d8675ef38
59e324edceb8abe24252f516,57cf75cea73e494d8675ef3b
59e324edceb8abe24252f516,57cf75cea73e494d8675ef3d
59e324edceb8abe24252f516,57cf75cea73e494d8675ef3e
59e324edceb8abe24252f516,57cf75cea73e494d8675ef41
59e324edceb8abe24252f516,57cf75cea73e494d8675ef42
59e324edceb8abe24252f516,57cf75cea73e494d8675ef47
59e324edceb8abe24252f516,57cf75cea73e494d8675ef4d
59e324edceb8abe24252f516,57cf75cea73e494d8675ef4e
59e324edceb8abe24252f516,57cf75cea73e494d8675ef4f
59e324edceb8abe24252f516,57cf75cea73e494d8675ef50
59e324edceb8abe24252f516,57cf75cea73e494d8675ef53
59e324edceb8abe24252f516,57cf75cea73e494d8675ef54
59e324edceb8abe24252f516,57cf75cea73e494d8675ef5a
59e324edceb8abe24252f516,57cf75cea73e494d8675ef5b
59e324edceb8abe24252f516,57cf75cea73e494d8675ef5d
59e324edceb8abe24252f516,57cf75cea73e494d8675ef62
59e324edceb8abe24252f516,57cf75cea73e494d8675ef63
59e32506ceb8abe24252f552,57cf75cea73e494d8675eea9
59e32506ceb8abe24252f552,57cf75cea73e494d8675eeaa
59e32506ceb8abe24252f552,57cf75cea73e494d8675eeaf
59e32506ceb8abe24252f552,57cf75cea73e494d8675eeb5
59e32506ceb8abe24252f552,57cf75cea73e494d8675eebe
59e32506ceb8abe24252f552,57cf75cea73e494d8675eec0
59e32506ceb8abe24252f552,57cf75cea73e494d8675eec8
59e32506ceb8abe24252f552,57cf75cea73e494d8675eecd
59e32506ceb8abe24252f552,57cf75cea73e494d8675eecf
59e32506ceb8abe24252f552,57cf75cea73e494d8675eed1
59e32506ceb8abe24252f552,57cf75cea73e494d8675eed4
59e32506ceb8abe24252f552,57cf75cea73e494d8675eee0
59e32506ceb8abe24252f552,57cf75cea73e494d8675eee2
59e32506ceb8abe24252f552,57cf75cea73e494d8675eee7
59e32506ceb8abe24252f552,57cf75cea73e494d8675eeef
59e32506ceb8abe24252f552,57cf75cea73e494d8675eef0
59e32506ceb8abe24252f552,57cf75cea73e494d8675eef1
59e32506ceb8abe24252f552,57cf75cea73e494d8675ef00
59e32506ceb8abe24252f552,57cf75cea73e494d8675ef05
59e32506ceb8abe24252f552,57cf75cea73e494d8675ef10
59e32506ceb8abe24252f552,57cf75cea73e494d8675ef18
59e32506ceb8abe24252f552,57cf75cea73e494d8675ef26
59e32506ceb8abe24252f552,57cf75cea73e494d8675ef44
59e32506ceb8abe24252f552,57cf75cea73e494d8675ef57
59e32506ceb8abe24252f552,57cf75cea73e494d8675ef5f
59e32509ceb8abe24252f56d,57cf75cea73e494d8675eea9
59e32509ceb8abe24252f56d,57cf75cea73e494d8675eeaa
59e32509ceb8abe24252f56d,57cf75cea73e494d8675eeaf
59e32509ceb8abe24252f56d,57cf75cea73e494d8675eeb5
59e32509ceb8abe24252f56d,57cf75cea73e494d8675eebe
59e32509ceb8abe24252f56d,57cf75cea73e494d8675eec0
59e32509ceb8abe24252f56d,57cf75cea73e494d8675eec8
59e32509ceb8abe24252f56d,57cf75cea73e494d8675eecd
59e32509ceb8abe24252f56d,57cf75cea73e494d8675eecf
59e32509ceb8abe24252f56d,57cf75cea73e494d8675eed1
59e32509ceb8abe24252f56d,57cf75cea73e494d8675eed4
59e32509ceb8abe24252f56d,57cf75cea73e494d8675eee0
59e32509ceb8abe24252f56d,57cf75cea73e494d8675eee2
59e32509ceb8abe24252f56d,57cf75cea73e494d8675eee7
59e32509ceb8abe24252f56d,57cf75cea73e494d8675eeef
59e32509ceb8abe24252f56d,57cf75cea73e494d8675eef0
59e32509ceb8abe24252f56d,57cf75cea73e494d8675eef1
59e32509ceb8abe24252f56d,57cf75cea73e494d8675ef00
59e32509ceb8abe24252f56d,57cf75cea73e494d8675ef05
59e32509ceb8abe24252f56d,57cf75cea73e494d8675ef10
59e32509ceb8abe24252f56d,57cf75cea73e494d8675ef18
59e32509ceb8abe24252f56d,57cf75cea73e494d8675ef26
59e32509ceb8abe24252f56d,57cf75cea73e494d8675ef44
59e32509ceb8abe24252f56d,57cf75cea73e494d8675ef57
59e32509ceb8abe24252f56d,57cf75cea73e494d8675ef5f
59e3250dceb8abe24252f588,57cf75cea73e494d8675eea9
59e3250dceb8abe24252f588,57cf75cea73e494d8675eeaa
59e3250dceb8abe24252f588,57cf75cea73e494d8675eeaf
59e3250dceb8abe24252f588,57cf75cea73e494d8675eeb5
59e3250dceb8abe24252f588,57cf75cea73e494d8675eebe
59e3250dceb8abe24252f588,57cf75cea73e494d8675eec0
59e3250dceb8abe24252f588,57cf75cea73e494d8675eec8
59e3250dceb8abe24252f588,57cf75cea73e494d8675eecd
59e3250dceb8abe24252f588,57cf75cea73e494d8675eecf
59e3250dceb8abe24252f588,57cf75cea73e494d8675eed1
59e3250dceb8abe24252f588,57cf75cea73e494d8675eed4
59e3250dceb8abe24252f588,57cf75cea73e494d8675eee0
59e3250dceb8abe24252f588,57cf75cea73e494d8675eee2
59e3250dceb8abe24252f588,57cf75cea73e494d8675eee7
59e3250dceb8abe24252f588,57cf75cea73e494d8675eeef
59e3250dceb8abe24252f588,57cf75cea73e494d8675eef0
59e3250dceb8abe24252f588,57cf75cea73e494d8675eef1
59e3250dceb8abe24252f588,57cf75cea73e494d8675ef00
59e3250dceb8abe24252f588,57cf75cea73e494d8675ef05
59e3250dceb8abe24252f588,57cf75cea73e494d8675ef10
59e3250dceb8abe24252f588,57cf75cea73e494d8675ef18
59e3250dceb8abe24252f588,57cf75cea73e494d8675ef26
59e3250dceb8abe24252f588,57cf75cea73e494d8675ef44
59e3250dceb8abe24252f588,57cf75cea73e494d8675ef57
59e3250dceb8abe24252f588,57cf75cea73e494d8675ef5f
59e32510ceb8abe24252f5a3,57cf75cea73e494d8675eea9
59e32510ceb8abe24252f5a3,57cf75cea73e494d8675eeaa
59e32510ceb8abe24252f5a3,57cf75cea73e494d8675eeaf
59e32510ceb8abe24252f5a3,57cf75cea73e494d8675eeb5
59e32510ceb8abe24252f5a3,57cf75cea73e494d8675eebe
59e32510ceb8abe24252f5a3,57cf75cea73e494d8675eec0
59e32510ceb8abe24252f5a3,57cf75cea73e494d8675eec8
59e32510ceb8abe24252f5a3,57cf75cea73e494d8675eecd
59e32510ceb8abe24252f5a3,57cf75cea73e494d8675eecf
59e32510ceb8abe24252f5a3,57cf75cea73e494d8675eed1
59e32510ceb8abe24252f5a3,57cf75cea73e494d8675eed4
59e32510ceb8abe24252f5a3,57cf75cea73e494d8675eee0
59e32510ceb8abe24252f5a3,57cf75cea73e494d8675eee2
59e32510ceb8abe24252f5a3,57cf75cea73e494d8675eee7
59e32510ceb8abe24252f5a3,57cf75cea73e494d8675eeef
59e32510ceb8abe24252f5a3,57cf75cea73e494d8675eef0
59e32510ceb8abe24252f5a3,57cf75cea73e494d8675eef1
59e32510ceb8abe24252f5a3,57cf75cea73e494d8675ef00
59e32510ceb8abe24252f5a3,57cf75cea73e494d8675ef05
59e32510ceb8abe24252f5a3,57cf75cea73e494d8675ef10
59e32510ceb8abe24252f5a3,57cf75cea73e494d8675ef18
59e32510ceb8abe24252f5a3,57cf75cea73e494d8675ef26
59e32510ceb8abe24252f5a3,57cf75cea73e494d8675ef44
59e32510ceb8abe24252f5a3,57cf75cea73e494d8675ef57
59e32510ceb8abe24252f5a3,57cf75cea73e494d8675ef5f
59e32514ceb8abe24252f5be,57cf75cea73e494d8675eea9
59e32514ceb8abe24252f5be,57cf75cea73e494d8675eeaa
59e32514ceb8abe24252f5be,57cf75cea73e494d8675eeaf
59e32514ceb8abe24252f5be,57cf75cea73e494d8675eeb5
59e32514ceb8abe24252f5be,57cf75cea73e494d8675eebe
59e32514ceb8abe24252f5be,57cf75cea73e494d8675eec0
59e32514ceb8abe24252f5be,57cf75cea73e494d8675eec8
59e32514ceb8abe24252f5be,57cf75cea73e494d8675eecd
59e32514ceb8abe24252f5be,57cf75cea73e494d8675eecf
59e32514ceb8abe24252f5be,57cf75cea73e494d8675eed1
59e32514ceb8abe24252f5be,57cf75cea73e494d8675eed4
59e32514ceb8abe24252f5be,57cf75cea73e494d8675eee0
59e32514ceb8abe24252f5be,57cf75cea73e494d8675eee2
59e32514ceb8abe24252f5be,57cf75cea73e494d8675eee7
59e32514ceb8abe24252f5be,57cf75cea73e494d8675eeef
59e32514ceb8abe24252f5be,57cf75cea73e494d8675eef0
59e32514ceb8abe24252f5be,57cf75cea73e494d8675eef1
59e32514ceb8abe24252f5be,57cf75cea73e494d8675ef00
59e32514ceb8abe24252f5be,57cf75cea73e494d8675ef05
59e32514ceb8abe24252f5be,57cf75cea73e494d8675ef10
59e32514ceb8abe24252f5be,57cf75cea73e494d8675ef18
59e32514ceb8abe24252f5be,57cf75cea73e494d8675ef26
59e32514ceb8abe24252f5be,57cf75cea73e494d8675ef44
59e32514ceb8abe24252f5be,57cf75cea73e494d8675ef57
59e32514ceb8abe24252f5be,57cf75cea73e494d8675ef5f
59e3252dceb8abe24252f5d9,57cf75cea73e494d8675eea9
59e3252dceb8abe24252f5d9,57cf75cea73e494d8675eeaa
59e3252dceb8abe24252f5d9,57cf75cea73e494d8675eead
59e3252dceb8abe24252f5d9,57cf75cea73e494d8675eeaf
59e3252dceb8abe24252f5d9,57cf75cea73e494d8675eeb0
59e3252dceb8abe24252f5d9,57cf75cea73e494d8675eeb1
59e3252dceb8abe24252f5d9,57cf75cea73e494d8675eeb3
59e3252dceb8abe24252f5d9,57cf75cea73e494d8675eeb5
59e3252dceb8abe24252f5d9,57cf75cea73e494d8675eeb6
59e3252dceb8abe24252f5d9,57cf75cea73e494d8675eeb7
59e3252dceb8abe24252f5d9,57cf75cea73e494d8675eeb8
59e3252dceb8abe24252f5d9,57cf75cea73e494d8675eeb9
59e3252dceb8abe24252f5d9,57cf75cea73e494d8675eeba
59e3252dceb8abe24252f5d9,57cf75cea73e494d8675eebb
59e3252dceb8abe24252f5d9,57cf75cea73e494d8675eebc
59e3252dceb8abe24252f5d9,57cf75cea73e494d8675eebe
59e3252dceb8abe24252f5d9,57cf75cea73e494d8675eebf
59e3252dceb8abe24252f5d9,57cf75cea73e494d8675eec0
59e3252dceb8abe24252f5d9,57cf75cea73e494d8675eec1
59e3252dceb8abe24252f5d9,57cf75cea73e494d8675eec5
59e3252dceb8abe24252f5d9,57cf75cea73e494d8675eec6
59e3252dceb8abe24252f5d9,57cf75cea73e494d8675eec7
59e3252dceb8abe24252f5d9,57cf75cea73e494d8675eec8
59e3252dceb8abe24252f5d9,57cf75cea73e494d8675eecb
59e3252dceb8abe24252f5d9,57cf75cea73e494d8675eecd
59e3252dceb8abe24252f5d9,57cf75cea73e494d8675eece
59e3252dceb8abe24252f5d9,57cf75cea73e494d8675eecf
59e3252dceb8abe24252f5d9,57cf75cea73e494d8675eed1
59e3252dceb8abe24252f5d9,57cf75cea73e494d8675eed2
59e3252dceb8abe24252f5d9,57cf75cea73e494d8675eed3
59e3252dceb8abe24252f5d9,57cf75cea73e494d8675eed4
59e3252dceb8abe24252f5d9,57cf75cea73e494d8675eed7
59e3252dceb8abe24252f5d9,57cf75cea73e494d8675eed9
59e3252dceb8abe24252f5d9,57cf75cea73e494d8675eedc
59e3252dceb8abe24252f5d9,57cf75cea73e494d8675eedd
59e3252dceb8abe24252f5d9,57cf75cea73e494d8675eede
59e3252dceb8abe24252f5d9,57cf75cea73e494d8675eedf
59e3252dceb8abe24252f5d9,57cf75cea73e494d8675eee0
59e3252dceb8abe24252f5d9,57cf75cea73e494d8675eee2
59e3252dceb8abe24252f5d9,57cf75cea73e494d8675eee3
59e3252dceb8abe24252f5d9,57cf75cea73e494d8675eee7
59e3252dceb8abe24252f5d9,57cf75cea73e494d8675eee8
59e3252dceb8abe24252f5d9,57cf75cea73e494d8675eeef
59e3252dceb8abe24252f5d9,57cf75cea73e494d8675eef0
59e3252dceb8abe24252f5d9,57cf75cea73e494d8675eef1
59e3252dceb8abe24252f5d9,57cf75cea73e494d8675eef2
59e3252dceb8abe24252f5d9,57cf75cea73e494d8675eef4
59e3252dceb8abe24252f5d9,57cf75cea73e494d8675eef5
59e3252dceb8abe24252f5d9,57cf75cea73e494d8675eef8
59e3252dceb8abe24252f5d9,57cf75cea73e494d8675eef9
59e3252dceb8abe24252f5d9,57cf75cea73e494d8675eefb
59e3252dceb8abe24252f5d9,57cf75cea73e494d8675eefd
59e3252dceb8abe24252f5d9,57cf75cea73e494d8675eefe
59e3252dceb8abe24252f5d9,57cf75cea73e494d8675eeff
59e3252dceb8abe24252f5d9,57cf75cea73e494d8675ef00
59e3252dceb8abe24252f5d9,57cf75cea73e494d8675ef01
59e3252dceb8abe24252f5d9,57cf75cea73e494d8675ef02
59e3252dceb8abe24252f5d9,57cf75cea73e494d8675ef04
59e3252dceb8abe24252f5d9,57cf75cea73e494d8675ef05
59e3252dceb8abe24252f5d9,57cf75cea73e494d8675ef09
59e3252dceb8abe24252f5d9,57cf75cea73e494d8675ef0b
59e3252dceb8abe24252f5d9,57cf75cea73e494d8675ef0d
59e3252dceb8abe24252f5d9,57cf75cea73e494d8675ef0f
59e3252dceb8abe24252f5d9,57cf75cea73e494d8675ef10
59e3252dceb8abe24252f5d9,57cf75cea73e494d8675ef12
59e3252dceb8abe24252f5d9,57cf75cea73e494d8675ef13
59e3252dceb8abe24252f5d9,57cf75cea73e494d8675ef14
59e3252dceb8abe24252f5d9,57cf75cea73e494d8675ef16
59e3252dceb8abe24252f5d9,57cf75cea73e494d8675ef18
59e3252dceb8abe24252f5d9,57cf75cea73e494d8675ef1a
59e3252dceb8abe24252f5d9,57cf75cea73e494d8675ef1b
59e3252dceb8abe24252f5d9,57cf75cea73e494d8675ef1d
59e3252dceb8abe24252f5d9,57cf75cea73e494d8675ef23
59e3252dceb8abe24252f5d9,57cf75cea73e494d8675ef26
59e3252dceb8abe24252f5d9,57cf75cea73e494d8675ef2b
59e3252dceb8abe24252f5d9,57cf75cea73e494d8675ef2c
59e3252dceb8abe24252f5d9,57cf75cea73e494d8675ef2d
59e3252dceb8abe24252f5d9,57cf75cea73e494d8675ef2e
59e3252dceb8abe24252f5d9,57cf75cea73e494d8675ef32
59e3252dceb8abe24252f5d9,57cf75cea73e494d8675ef34
59e3252dceb8abe24252f5d9,57cf75cea73e494d8675ef35
59e3252dceb8abe24252f5d9,57cf75cea73e494d8675ef39
59e3252dceb8abe24252f5d9,57cf75cea73e494d8675ef3a
59e3252dceb8abe24252f5d9,57cf75cea73e494d8675ef3c
59e3252dceb8abe24252f5d9,57cf75cea73e494d8675ef3e
59e3252dceb8abe24252f5d9,57cf75cea73e494d8675ef3f
59e3252dceb8abe24252f5d9,57cf75cea73e494d8675ef43
59e3252dceb8abe24252f5d9,57cf75cea73e494d8675ef44
59e3252dceb8abe24252f5d9,57cf75cea73e494d8675ef46
59e3252dceb8abe24252f5d9,57cf75cea73e494d8675ef49
59e3252dceb8abe24252f5d9,57cf75cea73e494d8675ef4a
59e3252dceb8abe24252f5d9,57cf75cea73e494d8675ef4c
59e3252dceb8abe24252f5d9,57cf75cea73e494d8675ef52
59e3252dceb8abe24252f5d9,57cf75cea73e494d8675ef55
59e3252dceb8abe24252f5d9,57cf75cea73e494d8675ef56
59e3252dceb8abe24252f5d9,57cf75cea73e494d8675ef57
59e3252dceb8abe24252f5d9,57cf75cea73e494d8675ef58
59e3252dceb8abe24252f5d9,57cf75cea73e494d8675ef59
59e3252dceb8abe24252f5d9,57cf75cea73e494d8675ef5e
59e3252dceb8abe24252f5d9,57cf75cea73e494d8675ef5f
59e3252dceb8abe24252f5d9,57cf75cea73e494d8675ef61
59e3252dceb8abe24252f5d9,57cf75cea73e494d8675ef64
59e3252dceb8abe24252f5d9,57cf75cea73e494d8675ef65
59e3252dceb8abe24252f5d9,57cf75cea73e494d8675ef66
59e3252dceb8abe24252f5d9,57cf75cea73e494d8675ef67
59e3253aceb8abe24252f645,57cf75cea73e494d8675eea9
59e3253aceb8abe24252f645,57cf75cea73e494d8675eeaa
59e3253aceb8abe24252f645,57cf75cea73e494d8675eead
59e3253aceb8abe24252f645,57cf75cea73e494d8675eeaf
59e3253aceb8abe24252f645,57cf75cea73e494d8675eeb0
59e3253aceb8abe24252f645,57cf75cea73e494d8675eeb1
59e3253aceb8abe24252f645,57cf75cea73e494d8675eeb3
59e3253aceb8abe24252f645,57cf75cea73e494d8675eeb5
59e3253aceb8abe24252f645,57cf75cea73e494d8675eeb6
59e3253aceb8abe24252f645,57cf75cea73e494d8675eeb7
59e3253aceb8abe24252f645,57cf75cea73e494d8675eeb8
59e3253aceb8abe24252f645,57cf75cea73e494d8675eeb9
59e3253aceb8abe24252f645,57cf75cea73e494d8675eeba
59e3253aceb8abe24252f645,57cf75cea73e494d8675eebb
59e3253aceb8abe24252f645,57cf75cea73e494d8675eebc
59e3253aceb8abe24252f645,57cf75cea73e494d8675eebe
59e3253aceb8abe24252f645,57cf75cea73e494d8675eebf
59e3253aceb8abe24252f645,57cf75cea73e494d8675eec0
59e3253aceb8abe24252f645,57cf75cea73e494d8675eec1
59e3253aceb8abe24252f645,57cf75cea73e494d8675eec5
59e3253aceb8abe24252f645,57cf75cea73e494d8675eec6
59e3253aceb8abe24252f645,57cf75cea73e494d8675eec7
59e3253aceb8abe24252f645,57cf75cea73e494d8675eec8
59e3253aceb8abe24252f645,57cf75cea73e494d8675eecb
59e3253aceb8abe24252f645,57cf75cea73e494d8675eecd
59e3253aceb8abe24252f645,57cf75cea73e494d8675eece
59e3253aceb8abe24252f645,57cf75cea73e494d8675eecf
59e3253aceb8abe24252f645,57cf75cea73e494d8675eed1
59e3253aceb8abe24252f645,57cf75cea73e494d8675eed2
59e3253aceb8abe24252f645,57cf75cea73e494d8675eed3
59e3253aceb8abe24252f645,57cf75cea73e494d8675eed4
59e3253aceb8abe24252f645,57cf75cea73e494d8675eed7
59e3253aceb8abe24252f645,57cf75cea73e494d8675eed9
59e3253aceb8abe24252f645,57cf75cea73e494d8675eedc
59e3253aceb8abe24252f645,57cf75cea73e494d8675eedd
59e3253aceb8abe24252f645,57cf75cea73e494d8675eede
59e3253aceb8abe24252f645,57cf75cea73e494d8675eedf
59e3253aceb8abe24252f645,57cf75cea73e494d8675eee0
59e3253aceb8abe24252f645,57cf75cea73e494d8675eee2
59e3253aceb8abe24252f645,57cf75cea73e494d8675eee3
59e3253aceb8abe24252f645,57cf75cea73e494d8675eee7
59e3253aceb8abe24252f645,57cf75cea73e494d8675eee8
59e3253aceb8abe24252f645,57cf75cea73e494d8675eeef
59e3253aceb8abe24252f645,57cf75cea73e494d8675eef0
59e3253aceb8abe24252f645,57cf75cea73e494d8675eef1
59e3253aceb8abe24252f645,57cf75cea73e494d8675eef2
59e3253aceb8abe24252f645,57cf75cea73e494d8675eef4
59e3253aceb8abe24252f645,57cf75cea73e494d8675eef5
59e3253aceb8abe24252f645,57cf75cea73e494d8675eef8
59e3253aceb8abe24252f645,57cf75cea73e494d8675eef9
59e3253aceb8abe24252f645,57cf75cea73e494d8675eefb
59e3253aceb8abe24252f645,57cf75cea73e494d8675eefd
59e3253aceb8abe24252f645,57cf75cea73e494d8675eefe
59e3253aceb8abe24252f645,57cf75cea73e494d8675eeff
59e3253aceb8abe24252f645,57cf75cea73e494d8675ef00
59e3253aceb8abe24252f645,57cf75cea73e494d8675ef01
59e3253aceb8abe24252f645,57cf75cea73e494d8675ef02
59e3253aceb8abe24252f645,57cf75cea73e494d8675ef04
59e3253aceb8abe24252f645,57cf75cea73e494d8675ef05
59e3253aceb8abe24252f645,57cf75cea73e494d8675ef09
59e3253aceb8abe24252f645,57cf75cea73e494d8675ef0b
59e3253aceb8abe24252f645,57cf75cea73e494d8675ef0d
59e3253aceb8abe24252f645,57cf75cea73e494d8675ef0f
59e3253aceb8abe24252f645,57cf75cea73e494d8675ef10
59e3253aceb8abe24252f645,57cf75cea73e494d8675ef12
59e3253aceb8abe24252f645,57cf75cea73e494d8675ef13
59e3253aceb8abe24252f645,57cf75cea73e494d8675ef14
59e3253aceb8abe24252f645,57cf75cea73e494d8675ef16
59e3253aceb8abe24252f645,57cf75cea73e494d8675ef18
59e3253aceb8abe24252f645,57cf75cea73e494d8675ef1a
59e3253aceb8abe24252f645,57cf75cea73e494d8675ef1b
59e3253aceb8abe24252f645,57cf75cea73e494d8675ef1d
59e3253aceb8abe24252f645,57cf75cea73e494d8675ef23
59e3253aceb8abe24252f645,57cf75cea73e494d8675ef26
59e3253aceb8abe24252f645,57cf75cea73e494d8675ef2b
59e3253aceb8abe24252f645,57cf75cea73e494d8675ef2c
59e3253aceb8abe24252f645,57cf75cea73e494d8675ef2d
59e3253aceb8abe24252f645,57cf75cea73e494d8675ef2e
59e3253aceb8abe24252f645,57cf75cea73e494d8675ef32
59e3253aceb8abe24252f645,57cf75cea73e494d8675ef34
59e3253aceb8abe24252f645,57cf75cea73e494d8675ef35
59e3253aceb8abe24252f645,57cf75cea73e494d8675ef39
59e3253aceb8abe24252f645,57cf75cea73e494d8675ef3a
59e3253aceb8abe24252f645,57cf75cea73e494d8675ef3c
59e3253aceb8abe24252f645,57cf75cea73e494d8675ef3e
59e3253aceb8abe24252f645,57cf75cea73e494d8675ef3f
59e3253aceb8abe24252f645,57cf75cea73e494d8675ef43
59e3253aceb8abe24252f645,57cf75cea73e494d8675ef44
59e3253aceb8abe24252f645,57cf75cea73e494d8675ef46
59e3253aceb8abe24252f645,57cf75cea73e494d8675ef49
59e3253aceb8abe24252f645,57cf75cea73e494d8675ef4a
59e3253aceb8abe24252f645,57cf75cea73e494d8675ef4c
59e3253aceb8abe24252f645,57cf75cea73e494d8675ef52
59e3253aceb8abe24252f645,57cf75cea73e494d8675ef55
59e3253aceb8abe24252f645,57cf75cea73e494d8675ef56
59e3253aceb8abe24252f645,57cf75cea73e494d8675ef57
59e3253aceb8abe24252f645,57cf75cea73e494d8675ef58
59e3253aceb8abe24252f645,57cf75cea73e494d8675ef59
59e3253aceb8abe24252f645,57cf75cea73e494d8675ef5e
59e3253aceb8abe24252f645,57cf75cea73e494d8675ef5f
59e3253aceb8abe24252f645,57cf75cea73e494d8675ef61
59e3253aceb8abe24252f645,57cf75cea73e494d8675ef64
59e3253aceb8abe24252f645,57cf75cea73e494d8675ef65
59e3253aceb8abe24252f645,57cf75cea73e494d8675ef66
59e3253aceb8abe24252f645,57cf75cea73e494d8675ef67
59e32548ceb8abe24252f6b0,57cf75cea73e494d8675eea9
59e32548ceb8abe24252f6b0,57cf75cea73e494d8675eeaa
59e32548ceb8abe24252f6b0,57cf75cea73e494d8675eead
59e32548ceb8abe24252f6b0,57cf75cea73e494d8675eeaf
59e32548ceb8abe24252f6b0,57cf75cea73e494d8675eeb0
59e32548ceb8abe24252f6b0,57cf75cea73e494d8675eeb1
59e32548ceb8abe24252f6b0,57cf75cea73e494d8675eeb3
59e32548ceb8abe24252f6b0,57cf75cea73e494d8675eeb5
59e32548ceb8abe24252f6b0,57cf75cea73e494d8675eeb6
59e32548ceb8abe24252f6b0,57cf75cea73e494d8675eeb7
59e32548ceb8abe24252f6b0,57cf75cea73e494d8675eeb8
59e32548ceb8abe24252f6b0,57cf75cea73e494d8675eeb9
59e32548ceb8abe24252f6b0,57cf75cea73e494d8675eeba
59e32548ceb8abe24252f6b0,57cf75cea73e494d8675eebb
59e32548ceb8abe24252f6b0,57cf75cea73e494d8675eebc
59e32548ceb8abe24252f6b0,57cf75cea73e494d8675eebe
59e32548ceb8abe24252f6b0,57cf75cea73e494d8675eebf
59e32548ceb8abe24252f6b0,57cf75cea73e494d8675eec0
59e32548ceb8abe24252f6b0,57cf75cea73e494d8675eec1
59e32548ceb8abe24252f6b0,57cf75cea73e494d8675eec5
59e32548ceb8abe24252f6b0,57cf75cea73e494d8675eec6
59e32548ceb8abe24252f6b0,57cf75cea73e494d8675eec7
59e32548ceb8abe24252f6b0,57cf75cea73e494d8675eec8
59e32548ceb8abe24252f6b0,57cf75cea73e494d8675eecb
59e32548ceb8abe24252f6b0,57cf75cea73e494d8675eecd
59e32548ceb8abe24252f6b0,57cf75cea73e494d8675eece
59e32548ceb8abe24252f6b0,57cf75cea73e494d8675eecf
59e32548ceb8abe24252f6b0,57cf75cea73e494d8675eed1
59e32548ceb8abe24252f6b0,57cf75cea73e494d8675eed2
59e32548ceb8abe24252f6b0,57cf75cea73e494d8675eed3
59e32548ceb8abe24252f6b0,57cf75cea73e494d8675eed4
59e32548ceb8abe24252f6b0,57cf75cea73e494d8675eed7
59e32548ceb8abe24252f6b0,57cf75cea73e494d8675eed9
59e32548ceb8abe24252f6b0,57cf75cea73e494d8675eedc
59e32548ceb8abe24252f6b0,57cf75cea73e494d8675eedd
59e32548ceb8abe24252f6b0,57cf75cea73e494d8675eede
59e32548ceb8abe24252f6b0,57cf75cea73e494d8675eedf
59e32548ceb8abe24252f6b0,57cf75cea73e494d8675eee0
59e32548ceb8abe24252f6b0,57cf75cea73e494d8675eee2
59e32548ceb8abe24252f6b0,57cf75cea73e494d8675eee3
59e32548ceb8abe24252f6b0,57cf75cea73e494d8675eee7
59e32548ceb8abe24252f6b0,57cf75cea73e494d8675eee8
59e32548ceb8abe24252f6b0,57cf75cea73e494d8675eeef
59e32548ceb8abe24252f6b0,57cf75cea73e494d8675eef0
59e32548ceb8abe24252f6b0,57cf75cea73e494d8675eef1
59e32548ceb8abe24252f6b0,57cf75cea73e494d8675eef2
59e32548ceb8abe24252f6b0,57cf75cea73e494d8675eef4
59e32548ceb8abe24252f6b0,57cf75cea73e494d8675eef5
59e32548ceb8abe24252f6b0,57cf75cea73e494d8675eef8
59e32548ceb8abe24252f6b0,57cf75cea73e494d8675eef9
59e32548ceb8abe24252f6b0,57cf75cea73e494d8675eefb
59e32548ceb8abe24252f6b0,57cf75cea73e494d8675eefd
59e32548ceb8abe24252f6b0,57cf75cea73e494d8675eefe
59e32548ceb8abe24252f6b0,57cf75cea73e494d8675eeff
59e32548ceb8abe24252f6b0,57cf75cea73e494d8675ef00
59e32548ceb8abe24252f6b0,57cf75cea73e494d8675ef01
59e32548ceb8abe24252f6b0,57cf75cea73e494d8675ef02
59e32548ceb8abe24252f6b0,57cf75cea73e494d8675ef04
59e32548ceb8abe24252f6b0,57cf75cea73e494d8675ef05
59e32548ceb8abe24252f6b0,57cf75cea73e494d8675ef09
59e32548ceb8abe24252f6b0,57cf75cea73e494d8675ef0b
59e32548ceb8abe24252f6b0,57cf75cea73e494d8675ef0d
59e32548ceb8abe24252f6b0,57cf75cea73e494d8675ef0f
59e32548ceb8abe24252f6b0,57cf75cea73e494d8675ef10
59e32548ceb8abe24252f6b0,57cf75cea73e494d8675ef12
59e32548ceb8abe24252f6b0,57cf75cea73e494d8675ef13
59e32548ceb8abe24252f6b0,57cf75cea73e494d8675ef14
59e32548ceb8abe24252f6b0,57cf75cea73e494d8675ef16
59e32548ceb8abe24252f6b0,57cf75cea73e494d8675ef18
59e32548ceb8abe24252f6b0,57cf75cea73e494d8675ef1a
59e32548ceb8abe24252f6b0,57cf75cea73e494d8675ef1b
59e32548ceb8abe24252f6b0,57cf75cea73e494d8675ef1d
59e32548ceb8abe24252f6b0,57cf75cea73e494d8675ef23
59e32548ceb8abe24252f6b0,57cf75cea73e494d8675ef26
59e32548ceb8abe24252f6b0,57cf75cea73e494d8675ef2b
59e32548ceb8abe24252f6b0,57cf75cea73e494d8675ef2c
59e32548ceb8abe24252f6b0,57cf75cea73e494d8675ef2d
59e32548ceb8abe24252f6b0,57cf75cea73e494d8675ef2e
59e32548ceb8abe24252f6b0,57cf75cea73e494d8675ef32
59e32548ceb8abe24252f6b0,57cf75cea73e494d8675ef34
59e32548ceb8abe24252f6b0,57cf75cea73e494d8675ef35
59e32548ceb8abe24252f6b0,57cf75cea73e494d8675ef39
59e32548ceb8abe24252f6b0,57cf75cea73e494d8675ef3a
59e32548ceb8abe24252f6b0,57cf75cea73e494d8675ef3c
59e32548ceb8abe24252f6b0,57cf75cea73e494d8675ef3e
59e32548ceb8abe24252f6b0,57cf75cea73e494d8675ef3f
59e32548ceb8abe24252f6b0,57cf75cea73e494d8675ef43
59e32548ceb8abe24252f6b0,57cf75cea73e494d8675ef44
59e32548ceb8abe24252f6b0,57cf75cea73e494d8675ef46
59e32548ceb8abe24252f6b0,57cf75cea73e494d8675ef49
59e32548ceb8abe24252f6b0,57cf75cea73e494d8675ef4a
59e32548ceb8abe24252f6b0,57cf75cea73e494d8675ef4c
59e32548ceb8abe24252f6b0,57cf75cea73e494d8675ef52
59e32548ceb8abe24252f6b0,57cf75cea73e494d8675ef55
59e32548ceb8abe24252f6b0,57cf75cea73e494d8675ef56
59e32548ceb8abe24252f6b0,57cf75cea73e494d8675ef57
59e32548ceb8abe24252f6b0,57cf75cea73e494d8675ef58
59e32548ceb8abe24252f6b0,57cf75cea73e494d8675ef59
59e32548ceb8abe24252f6b0,57cf75cea73e494d8675ef5e
59e32548ceb8abe24252f6b0,57cf75cea73e494d8675ef5f
59e32548ceb8abe24252f6b0,57cf75cea73e494d8675ef61
59e32548ceb8abe24252f6b0,57cf75cea73e494d8675ef64
59e32548ceb8abe24252f6b0,57cf75cea73e494d8675ef65
59e32548ceb8abe24252f6b0,57cf75cea73e494d8675ef66
59e32548ceb8abe24252f6b0,57cf75cea73e494d8675ef67
59e32555ceb8abe24252f71b,57cf75cea73e494d8675eea9
59e32555ceb8abe24252f71b,57cf75cea73e494d8675eeaa
59e32555ceb8abe24252f71b,57cf75cea73e494d8675eead
59e32555ceb8abe24252f71b,57cf75cea73e494d8675eeaf
59e32555ceb8abe24252f71b,57cf75cea73e494d8675eeb0
59e32555ceb8abe24252f71b,57cf75cea73e494d8675eeb1
59e32555ceb8abe24252f71b,57cf75cea73e494d8675eeb3
59e32555ceb8abe24252f71b,57cf75cea73e494d8675eeb5
59e32555ceb8abe24252f71b,57cf75cea73e494d8675eeb6
59e32555ceb8abe24252f71b,57cf75cea73e494d8675eeb7
59e32555ceb8abe24252f71b,57cf75cea73e494d8675eeb8
59e32555ceb8abe24252f71b,57cf75cea73e494d8675eeb9
59e32555ceb8abe24252f71b,57cf75cea73e494d8675eeba
59e32555ceb8abe24252f71b,57cf75cea73e494d8675eebb
59e32555ceb8abe24252f71b,57cf75cea73e494d8675eebc
59e32555ceb8abe24252f71b,57cf75cea73e494d8675eebe
59e32555ceb8abe24252f71b,57cf75cea73e494d8675eebf
59e32555ceb8abe24252f71b,57cf75cea73e494d8675eec0
59e32555ceb8abe24252f71b,57cf75cea73e494d8675eec1
59e32555ceb8abe24252f71b,57cf75cea73e494d8675eec5
59e32555ceb8abe24252f71b,57cf75cea73e494d8675eec6
59e32555ceb8abe24252f71b,57cf75cea73e494d8675eec7
59e32555ceb8abe24252f71b,57cf75cea73e494d8675eec8
59e32555ceb8abe24252f71b,57cf75cea73e494d8675eecb
59e32555ceb8abe24252f71b,57cf75cea73e494d8675eecd
59e32555ceb8abe24252f71b,57cf75cea73e494d8675eece
59e32555ceb8abe24252f71b,57cf75cea73e494d8675eecf
59e32555ceb8abe24252f71b,57cf75cea73e494d8675eed1
59e32555ceb8abe24252f71b,57cf75cea73e494d8675eed2
59e32555ceb8abe24252f71b,57cf75cea73e494d8675eed3
59e32555ceb8abe24252f71b,57cf75cea73e494d8675eed4
59e32555ceb8abe24252f71b,57cf75cea73e494d8675eed7
59e32555ceb8abe24252f71b,57cf75cea73e494d8675eed9
59e32555ceb8abe24252f71b,57cf75cea73e494d8675eedc
59e32555ceb8abe24252f71b,57cf75cea73e494d8675eedd
59e32555ceb8abe24252f71b,57cf75cea73e494d8675eede
59e32555ceb8abe24252f71b,57cf75cea73e494d8675eedf
59e32555ceb8abe24252f71b,57cf75cea73e494d8675eee0
59e32555ceb8abe24252f71b,57cf75cea73e494d8675eee2
59e32555ceb8abe24252f71b,57cf75cea73e494d8675eee3
59e32555ceb8abe24252f71b,57cf75cea73e494d8675eee7
59e32555ceb8abe24252f71b,57cf75cea73e494d8675eee8
59e32555ceb8abe24252f71b,57cf75cea73e494d8675eeef
59e32555ceb8abe24252f71b,57cf75cea73e494d8675eef0
59e32555ceb8abe24252f71b,57cf75cea73e494d8675eef1
59e32555ceb8abe24252f71b,57cf75cea73e494d8675eef2
59e32555ceb8abe24252f71b,57cf75cea73e494d8675eef4
59e32555ceb8abe24252f71b,57cf75cea73e494d8675eef5
59e32555ceb8abe24252f71b,57cf75cea73e494d8675eef8
59e32555ceb8abe24252f71b,57cf75cea73e494d8675eef9
59e32555ceb8abe24252f71b,57cf75cea73e494d8675eefb
59e32555ceb8abe24252f71b,57cf75cea73e494d8675eefd
59e32555ceb8abe24252f71b,57cf75cea73e494d8675eefe
59e32555ceb8abe24252f71b,57cf75cea73e494d8675eeff
59e32555ceb8abe24252f71b,57cf75cea73e494d8675ef00
59e32555ceb8abe24252f71b,57cf75cea73e494d8675ef01
59e32555ceb8abe24252f71b,57cf75cea73e494d8675ef02
59e32555ceb8abe24252f71b,57cf75cea73e494d8675ef04
59e32555ceb8abe24252f71b,57cf75cea73e494d8675ef05
59e32555ceb8abe24252f71b,57cf75cea73e494d8675ef09
59e32555ceb8abe24252f71b,57cf75cea73e494d8675ef0b
59e32555ceb8abe24252f71b,57cf75cea73e494d8675ef0d
59e32555ceb8abe24252f71b,57cf75cea73e494d8675ef0f
59e32555ceb8abe24252f71b,57cf75cea73e494d8675ef10
59e32555ceb8abe24252f71b,57cf75cea73e494d8675ef12
59e32555ceb8abe24252f71b,57cf75cea73e494d8675ef13
59e32555ceb8abe24252f71b,57cf75cea73e494d8675ef14
59e32555ceb8abe24252f71b,57cf75cea73e494d8675ef16
59e32555ceb8abe24252f71b,57cf75cea73e494d8675ef18
59e32555ceb8abe24252f71b,57cf75cea73e494d8675ef1a
59e32555ceb8abe24252f71b,57cf75cea73e494d8675ef1b
59e32555ceb8abe24252f71b,57cf75cea73e494d8675ef1d
59e32555ceb8abe24252f71b,57cf75cea73e494d8675ef23
59e32555ceb8abe24252f71b,57cf75cea73e494d8675ef26
59e32555ceb8abe24252f71b,57cf75cea73e494d8675ef2b
59e32555ceb8abe24252f71b,57cf75cea73e494d8675ef2c
59e32555ceb8abe24252f71b,57cf75cea73e494d8675ef2d
59e32555ceb8abe24252f71b,57cf75cea73e494d8675ef2e
59e32555ceb8abe24252f71b,57cf75cea73e494d8675ef32
59e32555ceb8abe24252f71b,57cf75cea73e494d8675ef34
59e32555ceb8abe24252f71b,57cf75cea73e494d8675ef35
59e32555ceb8abe24252f71b,57cf75cea73e494d8675ef39
59e32555ceb8abe24252f71b,57cf75cea73e494d8675ef3a
59e32555ceb8abe24252f71b,57cf75cea73e494d8675ef3c
59e32555ceb8abe24252f71b,57cf75cea73e494d8675ef3e
59e32555ceb8abe24252f71b,57cf75cea73e494d8675ef3f
59e32555ceb8abe24252f71b,57cf75cea73e494d8675ef43
59e32555ceb8abe24252f71b,57cf75cea73e494d8675ef44
59e32555ceb8abe24252f71b,57cf75cea73e494d8675ef46
59e32555ceb8abe24252f71b,57cf75cea73e494d8675ef49
59e32555ceb8abe24252f71b,57cf75cea73e494d8675ef4a
59e32555ceb8abe24252f71b,57cf75cea73e494d8675ef4c
59e32555ceb8abe24252f71b,57cf75cea73e494d8675ef52
59e32555ceb8abe24252f71b,57cf75cea73e494d8675ef55
59e32555ceb8abe24252f71b,57cf75cea73e494d8675ef56
59e32555ceb8abe24252f71b,57cf75cea73e494d8675ef57
59e32555ceb8abe24252f71b,57cf75cea73e494d8675ef58
59e32555ceb8abe24252f71b,57cf75cea73e494d8675ef59
59e32555ceb8abe24252f71b,57cf75cea73e494d8675ef5e
59e32555ceb8abe24252f71b,57cf75cea73e494d8675ef5f
59e32555ceb8abe24252f71b,57cf75cea73e494d8675ef61
59e32555ceb8abe24252f71b,57cf75cea73e494d8675ef64
59e32555ceb8abe24252f71b,57cf75cea73e494d8675ef65
59e32555ceb8abe24252f71b,57cf75cea73e494d8675ef66
59e32555ceb8abe24252f71b,57cf75cea73e494d8675ef67
59e32563ceb8abe24252f786,57cf75cea73e494d8675eea9
59e32563ceb8abe24252f786,57cf75cea73e494d8675eeaa
59e32563ceb8abe24252f786,57cf75cea73e494d8675eead
59e32563ceb8abe24252f786,57cf75cea73e494d8675eeaf
59e32563ceb8abe24252f786,57cf75cea73e494d8675eeb0
59e32563ceb8abe24252f786,57cf75cea73e494d8675eeb1
59e32563ceb8abe24252f786,57cf75cea73e494d8675eeb3
59e32563ceb8abe24252f786,57cf75cea73e494d8675eeb5
59e32563ceb8abe24252f786,57cf75cea73e494d8675eeb6
59e32563ceb8abe24252f786,57cf75cea73e494d8675eeb7
59e32563ceb8abe24252f786,57cf75cea73e494d8675eeb8
59e32563ceb8abe24252f786,57cf75cea73e494d8675eeb9
59e32563ceb8abe24252f786,57cf75cea73e494d8675eeba
59e32563ceb8abe24252f786,57cf75cea73e494d8675eebb
59e32563ceb8abe24252f786,57cf75cea73e494d8675eebc
59e32563ceb8abe24252f786,57cf75cea73e494d8675eebe
59e32563ceb8abe24252f786,57cf75cea73e494d8675eebf
59e32563ceb8abe24252f786,57cf75cea73e494d8675eec0
59e32563ceb8abe24252f786,57cf75cea73e494d8675eec1
59e32563ceb8abe24252f786,57cf75cea73e494d8675eec5
59e32563ceb8abe24252f786,57cf75cea73e494d8675eec6
59e32563ceb8abe24252f786,57cf75cea73e494d8675eec7
59e32563ceb8abe24252f786,57cf75cea73e494d8675eec8
59e32563ceb8abe24252f786,57cf75cea73e494d8675eecb
59e32563ceb8abe24252f786,57cf75cea73e494d8675eecd
59e32563ceb8abe24252f786,57cf75cea73e494d8675eece
59e32563ceb8abe24252f786,57cf75cea73e494d8675eecf
59e32563ceb8abe24252f786,57cf75cea73e494d8675eed1
59e32563ceb8abe24252f786,57cf75cea73e494d8675eed2
59e32563ceb8abe24252f786,57cf75cea73e494d8675eed3
59e32563ceb8abe24252f786,57cf75cea73e494d8675eed4
59e32563ceb8abe24252f786,57cf75cea73e494d8675eed7
59e32563ceb8abe24252f786,57cf75cea73e494d8675eed9
59e32563ceb8abe24252f786,57cf75cea73e494d8675eedc
59e32563ceb8abe24252f786,57cf75cea73e494d8675eedd
59e32563ceb8abe24252f786,57cf75cea73e494d8675eede
59e32563ceb8abe24252f786,57cf75cea73e494d8675eedf
59e32563ceb8abe24252f786,57cf75cea73e494d8675eee0
59e32563ceb8abe24252f786,57cf75cea73e494d8675eee2
59e32563ceb8abe24252f786,57cf75cea73e494d8675eee3
59e32563ceb8abe24252f786,57cf75cea73e494d8675eee7
59e32563ceb8abe24252f786,57cf75cea73e494d8675eee8
59e32563ceb8abe24252f786,57cf75cea73e494d8675eeef
59e32563ceb8abe24252f786,57cf75cea73e494d8675eef0
59e32563ceb8abe24252f786,57cf75cea73e494d8675eef1
59e32563ceb8abe24252f786,57cf75cea73e494d8675eef2
59e32563ceb8abe24252f786,57cf75cea73e494d8675eef4
59e32563ceb8abe24252f786,57cf75cea73e494d8675eef5
59e32563ceb8abe24252f786,57cf75cea73e494d8675eef8
59e32563ceb8abe24252f786,57cf75cea73e494d8675eef9
59e32563ceb8abe24252f786,57cf75cea73e494d8675eefb
59e32563ceb8abe24252f786,57cf75cea73e494d8675eefd
59e32563ceb8abe24252f786,57cf75cea73e494d8675eefe
59e32563ceb8abe24252f786,57cf75cea73e494d8675eeff
59e32563ceb8abe24252f786,57cf75cea73e494d8675ef00
59e32563ceb8abe24252f786,57cf75cea73e494d8675ef01
59e32563ceb8abe24252f786,57cf75cea73e494d8675ef02
59e32563ceb8abe24252f786,57cf75cea73e494d8675ef04
59e32563ceb8abe24252f786,57cf75cea73e494d8675ef05
59e32563ceb8abe24252f786,57cf75cea73e494d8675ef09
59e32563ceb8abe24252f786,57cf75cea73e494d8675ef0b
59e32563ceb8abe24252f786,57cf75cea73e494d8675ef0d
59e32563ceb8abe24252f786,57cf75cea73e494d8675ef0f
59e32563ceb8abe24252f786,57cf75cea73e494d8675ef10
59e32563ceb8abe24252f786,57cf75cea73e494d8675ef12
59e32563ceb8abe24252f786,57cf75cea73e494d8675ef13
59e32563ceb8abe24252f786,57cf75cea73e494d8675ef14
59e32563ceb8abe24252f786,57cf75cea73e494d8675ef16
59e32563ceb8abe24252f786,57cf75cea73e494d8675ef18
59e32563ceb8abe24252f786,57cf75cea73e494d8675ef1a
59e32563ceb8abe24252f786,57cf75cea73e494d8675ef1b
59e32563ceb8abe24252f786,57cf75cea73e494d8675ef1d
59e32563ceb8abe24252f786,57cf75cea73e494d8675ef23
59e32563ceb8abe24252f786,57cf75cea73e494d8675ef26
59e32563ceb8abe24252f786,57cf75cea73e494d8675ef2b
59e32563ceb8abe24252f786,57cf75cea73e494d8675ef2c
59e32563ceb8abe24252f786,57cf75cea73e494d8675ef2d
59e32563ceb8abe24252f786,57cf75cea73e494d8675ef2e
59e32563ceb8abe24252f786,57cf75cea73e494d8675ef32
59e32563ceb8abe24252f786,57cf75cea73e494d8675ef34
59e32563ceb8abe24252f786,57cf75cea73e494d8675ef35
59e32563ceb8abe24252f786,57cf75cea73e494d8675ef39
59e32563ceb8abe24252f786,57cf75cea73e494d8675ef3a
59e32563ceb8abe24252f786,57cf75cea73e494d8675ef3c
59e32563ceb8abe24252f786,57cf75cea73e494d8675ef3e
59e32563ceb8abe24252f786,57cf75cea73e494d8675ef3f
59e32563ceb8abe24252f786,57cf75cea73e494d8675ef43
59e32563ceb8abe24252f786,57cf75cea73e494d8675ef44
59e32563ceb8abe24252f786,57cf75cea73e494d8675ef46
59e32563ceb8abe24252f786,57cf75cea73e494d8675ef49
59e32563ceb8abe24252f786,57cf75cea73e494d8675ef4a
59e32563ceb8abe24252f786,57cf75cea73e494d8675ef4c
59e32563ceb8abe24252f786,57cf75cea73e494d8675ef52
59e32563ceb8abe24252f786,57cf75cea73e494d8675ef55
59e32563ceb8abe24252f786,57cf75cea73e494d8675ef56
59e32563ceb8abe24252f786,57cf75cea73e494d8675ef57
59e32563ceb8abe24252f786,57cf75cea73e494d8675ef58
59e32563ceb8abe24252f786,57cf75cea73e494d8675ef59
59e32563ceb8abe24252f786,57cf75cea73e494d8675ef5e
59e32563ceb8abe24252f786,57cf75cea73e494d8675ef5f
59e32563ceb8abe24252f786,57cf75cea73e494d8675ef61
59e32563ceb8abe24252f786,57cf75cea73e494d8675ef64
59e32563ceb8abe24252f786,57cf75cea73e494d8675ef65
59e32563ceb8abe24252f786,57cf75cea73e494d8675ef66
59e32563ceb8abe24252f786,57cf75cea73e494d8675ef67
