59e344f5ceb8abe24252f856,57cf75cea73e494d8675ec4a
59e344f5ceb8abe24252f856,57cf75cea73e494d8675ec4a
59e344f5ceb8abe24252f856,57cf75cea73e494d8675ec4b
59e344f5ceb8abe24252f856,57cf75cea73e494d8675ec4c
59e344f5ceb8abe24252f856,57cf75cea73e494d8675ec4d
59e344f5ceb8abe24252f856,57cf75cea73e494d8675ec4e
59e344f5ceb8abe24252f856,57cf75cea73e494d8675ec4f
59e344f5ceb8abe24252f856,57cf75cea73e494d8675ec50
59e344f5ceb8abe24252f856,57cf75cea73e494d8675ec51
59e344f5ceb8abe24252f856,57cf75cea73e494d8675ec52
59e344f5ceb8abe24252f856,57cf75cea73e494d8675ec53
59e344f5ceb8abe24252f856,57cf75cea73e494d8675ec54
59e344f7ceb8abe24252f864,57cf75cea73e494d8675ec55
59e344f7ceb8abe24252f864,57cf75cea73e494d8675ec56
59e344f7ceb8abe24252f864,57cf75cea73e494d8675ec57
59e371edceb8abe242530566,57cf75cea73e494d8675ec58
59e371edceb8abe242530566,57cf75cea73e494d8675ec59
59e371edceb8abe242530566,57cf75cea73e494d8675ec5a
59e371edceb8abe242530566,57cf75cea73e494d8675ec5b
59e371edceb8abe242530566,57cf75cea73e494d8675ec5c
59e371edceb8abe242530566,57cf75cea73e494d8675ec5d
59e371edceb8abe242530566,57cf75cea73e494d8675ec5e
59e371edceb8abe242530566,57cf75cea73e494d8675ec5f
59e371edceb8abe242530566,57cf75cea73e494d8675ec60
59e371edceb8abe242530566,57cf75cea73e494d8675ec61
59e371edceb8abe242530566,57cf75cea73e494d8675ec62
59e344f9ceb8abe24252f872,57cf75cea73e494d8675ec63
59e344f9ceb8abe24252f872,57cf75cea73e494d8675ec64
59e344f9ceb8abe24252f872,57cf75cea73e494d8675ec65
59e344f9ceb8abe24252f872,57cf75cea73e494d8675ec66
59e344f9ceb8abe24252f872,57cf75cea73e494d8675ec67
59e344f9ceb8abe24252f872,57cf75cea73e494d8675ec68
59e344f9ceb8abe24252f872,57cf75cea73e494d8675ec69
59e344f9ceb8abe24252f872,57cf75cea73e494d8675ec6a
59e344f9ceb8abe24252f872,57cf75cea73e494d8675ec6b
59e344f9ceb8abe24252f872,57cf75cea73e494d8675ec6c
59e344faceb8abe24252f880,57cf75cea73e494d8675ec6d
59e344faceb8abe24252f880,57cf75cea73e494d8675ec6e
59e344faceb8abe24252f880,57cf75cea73e494d8675ec6f
59e344faceb8abe24252f880,57cf75cea73e494d8675ec70
59e344faceb8abe24252f880,57cf75cea73e494d8675ec71
59e344faceb8abe24252f880,57cf75cea73e494d8675ec72
59e344faceb8abe24252f880,57cf75cea73e494d8675ec73
59e344faceb8abe24252f880,57cf75cea73e494d8675ec74
59e344faceb8abe24252f880,57cf75cea73e494d8675ec75
59e344faceb8abe24252f880,57cf75cea73e494d8675ec76
59e344faceb8abe24252f880,57cf75cea73e494d8675ec77
59e344faceb8abe24252f880,57cf75cea73e494d8675ec78
59e344fcceb8abe24252f88e,57cf75cea73e494d8675ec79
59e344fcceb8abe24252f88e,57cf75cea73e494d8675ec7a
59e344fcceb8abe24252f88e,57cf75cea73e494d8675ec7b
59e344fcceb8abe24252f88e,57cf75cea73e494d8675ec7c
59e344fcceb8abe24252f88e,57cf75cea73e494d8675ec7d
59e344fcceb8abe24252f88e,57cf75cea73e494d8675ec7e
59e344fcceb8abe24252f88e,57cf75cea73e494d8675ec7f
59e344fcceb8abe24252f88e,57cf75cea73e494d8675ec80
59e344fcceb8abe24252f88e,57cf75cea73e494d8675ec81
59e344fcceb8abe24252f88e,57cf75cea73e494d8675ec82
59e344fcceb8abe24252f88e,57cf75cea73e494d8675ec83
59e344fcceb8abe24252f88e,57cf75cea73e494d8675ec84
59e3451bceb8abe24252f89c,57cf75cea73e494d8675ec85
59e3451bceb8abe24252f89c,57cf75cea73e494d8675ec86
59e3451bceb8abe24252f89c,57cf75cea73e494d8675ec87
59e3451bceb8abe24252f89c,57cf75cea73e494d8675ec88
59e3451bceb8abe24252f89c,57cf75cea73e494d8675ec89
59e3451bceb8abe24252f89c,57cf75cea73e494d8675ec8a
59e3451bceb8abe24252f89c,57cf75cea73e494d8675ec8b
59e3451bceb8abe24252f89c,57cf75cea73e494d8675ec8c
59e3451bceb8abe24252f89c,57cf75cea73e494d8675ec8d
59e3451bceb8abe24252f89c,57cf75cea73e494d8675ec8e
59e3451bceb8abe24252f89c,57cf75cea73e494d8675ec8f
59e3451bceb8abe24252f89c,57cf75cea73e494d8675ec90
59e3451bceb8abe24252f89c,57cf75cea73e494d8675ec91
59e3451bceb8abe24252f89c,57cf75cea73e494d8675ec92
59e3451bceb8abe24252f89c,57cf75cea73e494d8675ec93
59e3451bceb8abe24252f89c,57cf75cea73e494d8675ec94
59e3451bceb8abe24252f89c,57cf75cea73e494d8675ec95
59e3451bceb8abe24252f89c,57cf75cea73e494d8675ec96
59e3451bceb8abe24252f89c,57cf75cea73e494d8675ec97
59e3451bceb8abe24252f89c,57cf75cea73e494d8675ec98
59e3451bceb8abe24252f89c,57cf75cea73e494d8675ec99
59e3451bceb8abe24252f89c,57cf75cea73e494d8675ec9a
59e3451bceb8abe24252f89c,57cf75cea73e494d8675ec9b
59e3451bceb8abe24252f89c,57cf75cea73e494d8675ec9c
59e3451bceb8abe24252f89c,57cf75cea73e494d8675ec9d
59e3451eceb8abe24252f8b7,57cf75cea73e494d8675ec9e
59e3451eceb8abe24252f8b7,57cf75cea73e494d8675ec9f
59e3451eceb8abe24252f8b7,57cf75cea73e494d8675eca0
59e3451eceb8abe24252f8b7,57cf75cea73e494d8675eca1
59e3451eceb8abe24252f8b7,57cf75cea73e494d8675eca2
59e3451eceb8abe24252f8b7,57cf75cea73e494d8675eca3
59e3451eceb8abe24252f8b7,57cf75cea73e494d8675eca4
59e3451eceb8abe24252f8b7,57cf75cea73e494d8675eca5
59e3451eceb8abe24252f8b7,57cf75cea73e494d8675eca6
59e3451eceb8abe24252f8b7,57cf75cea73e494d8675eca7
59e3451eceb8abe24252f8b7,57cf75cea73e494d8675eca8
59e3451eceb8abe24252f8b7,57cf75cea73e494d8675eca9
59e3451eceb8abe24252f8b7,57cf75cea73e494d8675ecaa
59e3451eceb8abe24252f8b7,57cf75cea73e494d8675ecab
59e3451eceb8abe24252f8b7,57cf75cea73e494d8675ecac
59e344f5ceb8abe24252f856,57cf75cea73e494d8675ec4a
59e344f5ceb8abe24252f856,57cf75cea73e494d8675ec4a
59e344f5ceb8abe24252f856,57cf75cea73e494d8675ec4b
59e344f5ceb8abe24252f856,57cf75cea73e494d8675ec4c
59e344f5ceb8abe24252f856,57cf75cea73e494d8675ec4d
59e344f5ceb8abe24252f856,57cf75cea73e494d8675ec4e
59e344f5ceb8abe24252f856,57cf75cea73e494d8675ec4f
59e344f5ceb8abe24252f856,57cf75cea73e494d8675ec50
59e344f5ceb8abe24252f856,57cf75cea73e494d8675ec51
59e344f5ceb8abe24252f856,57cf75cea73e494d8675ec52
59e344f5ceb8abe24252f856,57cf75cea73e494d8675ec53
59e344f5ceb8abe24252f856,57cf75cea73e494d8675ec54
59e344f7ceb8abe24252f864,57cf75cea73e494d8675ec55
59e344f7ceb8abe24252f864,57cf75cea73e494d8675ec56
59e344f7ceb8abe24252f864,57cf75cea73e494d8675ec57
59e344f7ceb8abe24252f864,57cf75cea73e494d8675ec58
59e344f7ceb8abe24252f864,57cf75cea73e494d8675ec59
59e344f7ceb8abe24252f864,57cf75cea73e494d8675ec5a
59e344f7ceb8abe24252f864,57cf75cea73e494d8675ec5b
59e344f7ceb8abe24252f864,57cf75cea73e494d8675ec5c
59e344f7ceb8abe24252f864,57cf75cea73e494d8675ec5d
59e344f7ceb8abe24252f864,57cf75cea73e494d8675ec5e
59e344f7ceb8abe24252f864,57cf75cea73e494d8675ec5f
59e344f7ceb8abe24252f864,57cf75cea73e494d8675ec60
59e344f9ceb8abe24252f872,57cf75cea73e494d8675ec61
59e344f9ceb8abe24252f872,57cf75cea73e494d8675ec62
59e344f9ceb8abe24252f872,57cf75cea73e494d8675ec63
59e344f9ceb8abe24252f872,57cf75cea73e494d8675ec64
59e344f9ceb8abe24252f872,57cf75cea73e494d8675ec65
59e344f9ceb8abe24252f872,57cf75cea73e494d8675ec66
59e344f9ceb8abe24252f872,57cf75cea73e494d8675ec67
59e344f9ceb8abe24252f872,57cf75cea73e494d8675ec68
59e344f9ceb8abe24252f872,57cf75cea73e494d8675ec69
59e344f9ceb8abe24252f872,57cf75cea73e494d8675ec6a
59e344f9ceb8abe24252f872,57cf75cea73e494d8675ec6b
59e344f9ceb8abe24252f872,57cf75cea73e494d8675ec6c
59e344faceb8abe24252f880,57cf75cea73e494d8675ec6d
59e344faceb8abe24252f880,57cf75cea73e494d8675ec6e
59e344faceb8abe24252f880,57cf75cea73e494d8675ec6f
59e344faceb8abe24252f880,57cf75cea73e494d8675ec70
59e344faceb8abe24252f880,57cf75cea73e494d8675ec71
59e344faceb8abe24252f880,57cf75cea73e494d8675ec72
59e344faceb8abe24252f880,57cf75cea73e494d8675ec73
59e344faceb8abe24252f880,57cf75cea73e494d8675ec74
59e344faceb8abe24252f880,57cf75cea73e494d8675ec75
59e344faceb8abe24252f880,57cf75cea73e494d8675ec76
59e344faceb8abe24252f880,57cf75cea73e494d8675ec77
59e344faceb8abe24252f880,57cf75cea73e494d8675ec78
59e344fcceb8abe24252f88e,57cf75cea73e494d8675ec79
59e344fcceb8abe24252f88e,57cf75cea73e494d8675ec7a
59e344fcceb8abe24252f88e,57cf75cea73e494d8675ec7b
59e344fcceb8abe24252f88e,57cf75cea73e494d8675ec7c
59e344fcceb8abe24252f88e,57cf75cea73e494d8675ec7d
59e344fcceb8abe24252f88e,57cf75cea73e494d8675ec7e
59e344fcceb8abe24252f88e,57cf75cea73e494d8675ec7f
59e344fcceb8abe24252f88e,57cf75cea73e494d8675ec80
59e344fcceb8abe24252f88e,57cf75cea73e494d8675ec81
59e344fcceb8abe24252f88e,57cf75cea73e494d8675ec82
59e344fcceb8abe24252f88e,57cf75cea73e494d8675ec83
59e344fcceb8abe24252f88e,57cf75cea73e494d8675ec84
59e3451bceb8abe24252f89c,57cf75cea73e494d8675ec85
59e3451bceb8abe24252f89c,57cf75cea73e494d8675ec86
59e3451bceb8abe24252f89c,57cf75cea73e494d8675ec87
59e3451bceb8abe24252f89c,57cf75cea73e494d8675ec88
59e3451bceb8abe24252f89c,57cf75cea73e494d8675ec89
59e3451bceb8abe24252f89c,57cf75cea73e494d8675ec8a
59e3451bceb8abe24252f89c,57cf75cea73e494d8675ec8b
59e3451bceb8abe24252f89c,57cf75cea73e494d8675ec8c
59e3451bceb8abe24252f89c,57cf75cea73e494d8675ec8d
59e3451bceb8abe24252f89c,57cf75cea73e494d8675ec8e
59e3451bceb8abe24252f89c,57cf75cea73e494d8675ec8f
59e3451bceb8abe24252f89c,57cf75cea73e494d8675ec90
59e3451bceb8abe24252f89c,57cf75cea73e494d8675ec91
59e3451bceb8abe24252f89c,57cf75cea73e494d8675ec92
59e3451bceb8abe24252f89c,57cf75cea73e494d8675ec93
59e3451bceb8abe24252f89c,57cf75cea73e494d8675ec94
59e3451bceb8abe24252f89c,57cf75cea73e494d8675ec95
59e3451bceb8abe24252f89c,57cf75cea73e494d8675ec96
59e3451bceb8abe24252f89c,57cf75cea73e494d8675ec97
59e3451bceb8abe24252f89c,57cf75cea73e494d8675ec98
59e3451bceb8abe24252f89c,57cf75cea73e494d8675ec99
59e3451bceb8abe24252f89c,57cf75cea73e494d8675ec9a
59e3451bceb8abe24252f89c,57cf75cea73e494d8675ec9b
59e3451bceb8abe24252f89c,57cf75cea73e494d8675ec9c
59e3451bceb8abe24252f89c,57cf75cea73e494d8675ec9d
59e3451eceb8abe24252f8b7,57cf75cea73e494d8675ec9e
59e3451eceb8abe24252f8b7,57cf75cea73e494d8675ec9f
59e3451eceb8abe24252f8b7,57cf75cea73e494d8675eca0
59e3451eceb8abe24252f8b7,57cf75cea73e494d8675eca1
59e3451eceb8abe24252f8b7,57cf75cea73e494d8675eca2
59e3451eceb8abe24252f8b7,57cf75cea73e494d8675eca3
59e3451eceb8abe24252f8b7,57cf75cea73e494d8675eca4
59e3451eceb8abe24252f8b7,57cf75cea73e494d8675eca5
59e3451eceb8abe24252f8b7,57cf75cea73e494d8675eca6
59e3451eceb8abe24252f8b7,57cf75cea73e494d8675eca7
59e3451eceb8abe24252f8b7,57cf75cea73e494d8675eca8
59e3451eceb8abe24252f8b7,57cf75cea73e494d8675eca9
59e3451eceb8abe24252f8b7,57cf75cea73e494d8675ecaa
59e3451eceb8abe24252f8b7,57cf75cea73e494d8675ecab
59e3451eceb8abe24252f8b7,57cf75cea73e494d8675ecac
59e3451eceb8abe24252f8b7,57cf75cea73e494d8675ec98
59e3451eceb8abe24252f8b7,57cf75cea73e494d8675ec98
59e3451eceb8abe24252f8b7,57cf75cea73e494d8675ec98
59e3451eceb8abe24252f8b7,57cf75cea73e494d8675ec98
59e3451eceb8abe24252f8b7,57cf75cea73e494d8675ec8e
59e3451eceb8abe24252f8b7,57cf75cea73e494d8675ec8e
59e3451eceb8abe24252f8b7,57cf75cea73e494d8675ec8e
59e344faceb8abe24252f880,57cf75cea73e494d8675ec83
59e344faceb8abe24252f880,57cf75cea73e494d8675ec83
59e344faceb8abe24252f880,57cf75cea73e494d8675ec83
59e344faceb8abe24252f880,57cf75cea73e494d8675ec83
59e344faceb8abe24252f880,57cf75cea73e494d8675ec83
59e344faceb8abe24252f880,57cf75cea73e494d8675ec83
59e344faceb8abe24252f880,57cf75cea73e494d8675ec9a
59e344faceb8abe24252f880,57cf75cea73e494d8675ec9a
59e344faceb8abe24252f880,57cf75cea73e494d8675ec9a
59e344faceb8abe24252f880,57cf75cea73e494d8675ec9a
59e344faceb8abe24252f880,57cf75cea73e494d8675ec9a
59e344f5ceb8abe24252f856,57cf75cea73e494d8675ec4a
59e344f5ceb8abe24252f856,57cf75cea73e494d8675ec4a
59e344f5ceb8abe24252f856,57cf75cea73e494d8675eca6
59e344f5ceb8abe24252f856,57cf75cea73e494d8675eca6
59e344f5ceb8abe24252f856,57cf75cea73e494d8675eca6
59e344f5ceb8abe24252f856,57cf75cea73e494d8675eca6
59e344f5ceb8abe24252f856,57cf75cea73e494d8675eca6
59e344f5ceb8abe24252f856,57cf75cea73e494d8675eca6
59e344f5ceb8abe24252f856,57cf75cea73e494d8675eca6
59e344f5ceb8abe24252f856,57cf75cea73e494d8675eca6
59e344f5ceb8abe24252f856,57cf75cea73e494d8675eca6
59e344f5ceb8abe24252f856,57cf75cea73e494d8675eca1
59e344f7ceb8abe24252f864,57cf75cea73e494d8675eca1
59e344f7ceb8abe24252f864,57cf75cea73e494d8675eca1
59e344f7ceb8abe24252f864,57cf75cea73e494d8675eca1
59e344f7ceb8abe24252f864,57cf75cea73e494d8675eca1
59e344f7ceb8abe24252f864,57cf75cea73e494d8675eca1
